package	reference_version	reference_source	direct	current_version	status
MotrpacHumanPreSuspensionAnalysis	0.2.4	local source install	yes	NA	missing
MotrpacHumanPreSuspensionData	0.0.1.102	local source install	yes	NA	missing
docopt	NA	NA	no	0.7.1	extra
ggtangle	NA	NA	no	0.1.2	extra
littler	NA	NA	no	0.3.20	extra
otel	NA	NA	no	0.2.0	extra
abind	1.4.8	CRAN	no	1.4-8	match
admisc	0.37	CRAN	no	0.37	match
annotate	1.82.0	Bioconductor	no	1.82.0	match
AnnotationDbi	1.68.0	Bioconductor 3.20	yes	1.68.0	match
AnnotationFilter	1.30.0	Bioconductor 3.20	no	1.30.0	match
AnnotationHub	3.14.0	Bioconductor 3.20	no	3.14.0	match
annotatr	1.32.0	Bioconductor 3.20	yes	1.32.0	match
aod	1.3.3	CRAN	no	1.3.3	match
ape	5.8	CRAN	no	5.8	match
aplot	0.2.3	CRAN	no	0.2.3	match
askpass	1.2.1	CRAN	no	1.2.1	match
assertthat	0.2.1	CRAN	no	0.2.1	match
babelgene	22.9	CRAN	no	22.9	match
backports	1.5.0	CRAN	no	1.5.0	match
base	4.4.1	base	yes	4.4.1	match
base64enc	0.1.3	CRAN	no	0.1-3	match
beeswarm	0.4.0	CRAN	no	0.4.0	match
BH	1.90.0.1	CRAN	no	1.90.0-1	match
Biobase	2.72.0	Bioconductor	yes	2.72.0	match
BiocFileCache	2.12.0	Bioconductor	no	2.12.0	match
BiocGenerics	0.52.0	Bioconductor 3.20	no	0.52.0	match
BiocIO	1.14.0	Bioconductor	no	1.14.0	match
BiocManager	1.30.26	CRAN	yes	1.30.26	match
BiocParallel	1.38.0	Bioconductor	yes	1.38.0	match
BiocVersion	3.19.1	Bioconductor	no	3.19.1	match
biomaRt	2.60.1	Bioconductor	yes	2.60.1	match
Biostrings	2.72.1	Bioconductor	no	2.72.1	match
bit	4.6.0	CRAN	no	4.6.0	match
bit64	4.6.0.1	CRAN	no	4.6.0-1	match
bitops	1.0.9	CRAN	no	1.0-9	match
blob	1.3.0	CRAN	no	1.3.0	match
boot	1.3.30	CRAN	no	1.3-30	match
brew	1.0.10	CRAN	no	1.0-10	match
brio	1.1.5	CRAN	no	1.1.5	match
broom	1.0.12	CRAN	no	1.0.12	match
BSgenome	1.74.0	Bioconductor 3.20	no	1.74.0	match
bslib	0.10.0	CRAN	no	0.10.0	match
bubbleHeatmap	0.1.1	CRAN	yes	0.1.1	match
cachem	1.1.0	CRAN	no	1.1.0	match
Cairo	1.6.2	CRAN	yes	1.6-2	match
callr	3.7.6	CRAN	no	3.7.6	match
car	3.1.5	CRAN	yes	3.1-5	match
carData	3.0.6	CRAN	no	3.0-6	match
caTools	1.18.3	CRAN	no	1.18.3	match
cellranger	1.1.0	CRAN	no	1.1.0	match
checkmate	2.3.2	CRAN	no	2.3.2	match
ChIPseeker	1.42.1	Bioconductor 3.20	yes	1.42.1	match
circlize	0.4.17	CRAN	yes	0.4.17	match
class	7.3.22	CRAN	no	7.3-22	match
classInt	0.4.11	CRAN	no	0.4-11	match
cli	3.6.6	CRAN	no	3.6.6	match
clipr	0.8.0	CRAN	no	0.8.0	match
clue	0.3.67	CRAN	no	0.3-67	match
cluster	2.1.6	CRAN	no	2.1.6	match
clusterProfiler	4.12.6	Bioconductor	yes	4.12.6	match
cmapR	1.16.0	Bioconductor	yes	1.16.0	match
codetools	0.2.20	CRAN	no	0.2-20	match
colorspace	2.1.2	CRAN	no	2.1-2	match
commonmark	2.0.0	CRAN	no	2.0.0	match
compiler	4.4.1	base	no	4.4.1	match
ComplexHeatmap	2.20.0	Bioconductor	yes	2.20.0	match
ComplexUpset	1.3.6	github:krassowski/complex-upset@79fa000	yes	1.3.6	match
conflicted	1.2.0	CRAN	yes	1.2.0	match
corpcor	1.6.10	CRAN	no	1.6.10	match
corrplot	0.95	CRAN	no	0.95	match
cowplot	1.2.0	CRAN	yes	1.2.0	match
cpp11	0.5.5	CRAN	no	0.5.5	match
crayon	1.5.3	CRAN	no	1.5.3	match
credentials	2.0.2	CRAN	no	2.0.2	match
crosstalk	1.2.1	CRAN	no	1.2.1	match
curl	7.0.0	CRAN	yes	7.0.0	match
cytolib	2.16.0	Bioconductor	no	2.16.0	match
data.table	1.18.2.1	CRAN	yes	1.18.2.1	match
DBI	1.3.0	CRAN	no	1.3.0	match
dbplyr	2.5.0	CRAN	no	2.5.0	match
DelayedArray	0.32.0	Bioconductor 3.20	no	0.32.0	match
DEoptimR	1.1.3.1	CRAN	no	1.1-3-1	match
Deriv	4.2.0	CRAN	no	4.2.0	match
desc	1.4.3	CRAN	no	1.4.3	match
devtools	2.4.5	CRAN	yes	2.4.5	match
diffobj	0.3.6	CRAN	no	0.3.6	match
digest	0.6.39	CRAN	no	0.6.39	match
doBy	4.7.1	CRAN	no	4.7.1	match
doParallel	1.0.17	CRAN	yes	1.0.17	match
DOSE	3.30.5	Bioconductor	no	3.30.5	match
downlit	0.4.4	CRAN	no	0.4.4	match
downloader	0.4	CRAN	no	0.4	match
dplyr	1.2.0	CRAN	yes	1.2.0	match
dtplyr	1.3.1	CRAN	no	1.3.1	match
dynamicTreeCut	1.63.1	CRAN	no	1.63-1	match
DynDoc	1.82.0	Bioconductor	no	1.82.0	match
e1071	1.7.16	CRAN	no	1.7-16	match
edgeR	4.2.2	Bioconductor	yes	4.2.2	match
ellipsis	0.3.2	CRAN	no	0.3.2	match
enrichplot	1.24.4	Bioconductor	no	1.24.4	match
ensembldb	2.30.0	Bioconductor 3.20	yes	2.30.0	match
EnvStats	3.1.0	CRAN	no	3.1.0	match
evaluate	1.0.5	CRAN	no	1.0.5	match
fANCOVA	0.6.1	CRAN	no	0.6-1	match
fansi	1.0.6	CRAN	no	1.0.6	match
farver	2.1.2	CRAN	no	2.1.2	match
fastcluster	1.3.0	CRAN	no	1.3.0	match
fastmap	1.2.0	CRAN	no	1.2.0	match
fastmatch	1.1.4	CRAN	no	1.1-4	match
fgsea	1.30.0	Bioconductor	yes	1.30.0	match
filelock	1.0.3	CRAN	no	1.0.3	match
flowCore	2.16.0	Bioconductor	no	2.16.0	match
fontawesome	0.5.3	CRAN	no	0.5.3	match
forcats	1.0.1	CRAN	yes	1.0.1	match
foreach	1.5.2	CRAN	yes	1.5.2	match
forecast	9.0.2	CRAN	no	9.0.2	match
foreign	0.8.86	CRAN	no	0.8-86	match
formatR	1.14	CRAN	no	1.14	match
Formula	1.2.5	CRAN	no	1.2-5	match
fracdiff	1.5.3	CRAN	no	1.5-3	match
fs	1.6.7	CRAN	no	1.6.7	match
futile.logger	1.4.9	CRAN	yes	1.4.9	match
futile.options	1.0.1	CRAN	no	1.0.1	match
gargle	1.5.2	CRAN	no	1.5.2	match
gdsfmt	1.42.1	Bioconductor 3.20	yes	1.42.1	match
generics	0.1.4	CRAN	no	0.1.4	match
GenomeInfoDb	1.40.1	Bioconductor	yes	1.40.1	match
GenomeInfoDbData	1.2.12	Bioconductor	no	1.2.12	match
GenomicAlignments	1.40.0	Bioconductor	no	1.40.0	match
GenomicFeatures	1.56.0	Bioconductor	no	1.56.0	match
GenomicRanges	1.58.0	Bioconductor 3.20	yes	1.58.0	match
geomtextpath	0.2.0	CRAN	yes	0.2.0	match
gert	2.1.4	CRAN	no	2.1.4	match
GetoptLong	1.1.0	CRAN	no	1.1.0	match
ggbeeswarm	0.7.2	CRAN	yes	0.7.2	match
ggfittext	0.10.3	CRAN	no	0.10.3	match
ggforce	0.5.0	CRAN	no	0.5.0	match
ggfun	0.1.7	CRAN	no	0.1.7	match
ggh4x	0.3.1	CRAN	yes	0.3.1	match
ggnewscale	0.5.0	CRAN	yes	0.5.0	match
ggpattern	1.3.1	CRAN	yes	1.3.1	match
ggplot2	4.0.2	CRAN	yes	4.0.2	match
ggplotify	0.1.2	CRAN	no	0.1.2	match
ggpubr	0.6.3	CRAN	yes	0.6.3	match
ggraph	2.2.2	CRAN	no	2.2.2	match
ggrastr	1.0.2	CRAN	yes	1.0.2	match
ggrepel	0.9.8	CRAN	yes	0.9.8	match
ggsankey	0.0.99999	github:davidsjoberg/ggsankey@b675d0d	yes	0.0.99999	match
ggsci	4.2.0	CRAN	no	4.2.0	match
ggsignif	0.6.4	CRAN	no	0.6.4	match
ggtext	0.1.2	CRAN	yes	0.1.2	match
ggtree	3.12.0	Bioconductor	no	3.12.0	match
ggVennDiagram	1.5.2	CRAN	yes	1.5.2	match
gh	1.4.1	CRAN	no	1.4.1	match
gitcreds	0.1.2	CRAN	no	0.1.2	match
glmnet	4.1.8	CRAN	no	4.1-8	match
GlobalOptions	0.1.3	CRAN	no	0.1.3	match
glue	1.8.1	CRAN	yes	1.8.1	match
GO.db	3.19.1	Bioconductor	no	3.19.1	match
googledrive	2.1.1	CRAN	no	2.1.1	match
googlesheets4	1.1.1	CRAN	no	1.1.1	match
GOSemSim	2.30.2	Bioconductor	no	2.30.2	match
GPArotation	2024.3.1	CRAN	no	2024.3-1	match
gplots	3.3.0	CRAN	yes	3.3.0	match
gprofiler2	0.2.3	CRAN	yes	0.2.3	match
graph	1.82.0	Bioconductor	no	1.82.0	match
graphics	4.4.1	base	no	4.4.1	match
graphlayouts	1.2.2	CRAN	no	1.2.2	match
grDevices	4.4.1	base	yes	4.4.1	match
grid	4.4.1	base	yes	4.4.1	match
gridExtra	2.3	CRAN	yes	2.3	match
gridGraphics	0.5.1	CRAN	no	0.5-1	match
gridpattern	1.3.1	CRAN	no	1.3.1	match
gridtext	0.1.5	CRAN	yes	0.1.5	match
GSEABase	1.66.0	Bioconductor	yes	1.66.0	match
gson	0.1.0	CRAN	no	0.1.0	match
gtable	0.3.6	CRAN	no	0.3.6	match
gtools	3.9.5	CRAN	no	3.9.5	match
haven	2.5.4	CRAN	no	2.5.4	match
here	1.0.2	CRAN	yes	1.0.2	match
highr	0.12	CRAN	no	0.12	match
Hmisc	5.2.0	CRAN	no	5.2-0	match
hms	1.1.4	CRAN	no	1.1.4	match
htmlTable	2.4.3	CRAN	no	2.4.3	match
htmltools	0.5.9	CRAN	no	0.5.9	match
htmlwidgets	1.6.4	CRAN	no	1.6.4	match
httpuv	1.6.15	CRAN	no	1.6.15	match
httr	1.4.8	CRAN	no	1.4.8	match
httr2	1.0.7	CRAN	no	1.0.7	match
ids	1.0.1	CRAN	no	1.0.1	match
igraph	2.2.1	CRAN	yes	2.2.1	match
impute	1.80.0	Bioconductor 3.20	no	1.80.0	match
ini	0.3.1	CRAN	no	0.3.1	match
inspectdf	0.0.12.1	CRAN	no	0.0.12.1	match
IRanges	2.40.1	Bioconductor 3.20	yes	2.40.1	match
isoband	0.3.0	CRAN	no	0.3.0	match
iterators	1.0.14	CRAN	no	1.0.14	match
jomo	2.7.6	CRAN	no	2.7-6	match
jpeg	0.1.11	CRAN	no	0.1-11	match
jquerylib	0.1.4	CRAN	no	0.1.4	match
jsonlite	2.0.0	CRAN	yes	2.0.0	match
KEGGREST	1.44.1	Bioconductor	yes	1.44.1	match
KernSmooth	2.23.24	CRAN	no	2.23-24	match
knitr	1.51	CRAN	yes	1.51	match
labeling	0.4.3	CRAN	no	0.4.3	match
lambda.r	1.2.4	CRAN	no	1.2.4	match
later	1.4.1	CRAN	no	1.4.1	match
latex2exp	0.9.8	CRAN	yes	0.9.8	match
lattice	0.22.6	CRAN	no	0.22-6	match
lazyeval	0.2.2	CRAN	no	0.2.2	match
lifecycle	1.0.5	CRAN	no	1.0.5	match
limma	3.62.2	Bioconductor	yes	3.62.2	match
litedown	0.9	CRAN	no	0.9	match
lme4	1.1.38	CRAN	yes	1.1-38	match
lmerTest	3.2.1	CRAN	yes	3.2-1	match
lmtest	0.9.40	CRAN	no	0.9-40	match
locfit	1.5.9.12	CRAN	no	1.5-9.12	match
lubridate	1.9.5	CRAN	no	1.9.5	match
magrittr	2.0.5	CRAN	yes	2.0.5	match
markdown	2.0	CRAN	no	2.0	match
MASS	7.3.60.2	CRAN	no	7.3-60.2	match
mathjaxr	1.6.0	CRAN	no	1.6-0	match
Matrix	1.7.0	CRAN	no	1.7-0	match
MatrixGenerics	1.16.0	Bioconductor	no	1.16.0	match
MatrixModels	0.5.4	CRAN	no	0.5-4	match
matrixStats	1.5.0	CRAN	yes	1.5.0	match
memoise	2.0.1	CRAN	no	2.0.1	match
metap	1.11	CRAN	no	1.11	match
methods	4.4.1	base	no	4.4.1	match
Mfuzz	2.72.0	Bioconductor	yes	2.72.0	match
mgcv	1.9.1	CRAN	no	1.9-1	match
mice	3.17.0	CRAN	yes	3.17.0	match
microbenchmark	1.5.0	CRAN	no	1.5.0	match
mime	0.13	CRAN	no	0.13	match
miniUI	0.1.1.1	CRAN	no	0.1.1.1	match
minqa	1.2.8	CRAN	no	1.2.8	match
mitml	0.4.5	CRAN	no	0.4-5	match
mnormt	2.1.1	CRAN	no	2.1.1	match
modelr	0.1.11	CRAN	no	0.1.11	match
MotrpacBicQC	1.7.0	github:MoTrPAC/MotrpacBicQC@d873a93	yes	1.7.0	match
MotrpacRatTraining6mo	1.6.5	github:MoTrPAC/MotrpacRatTraining6mo@0f38357	yes	1.6.5	match
MotrpacRatTraining6moData	2.0.0	github:MoTrPAC/MotrpacRatTraining6moData@874814b	no	2.0.0	match
msigdbr	25.1.1	CRAN	yes	25.1.1	match
multcomp	1.4.26	CRAN	no	1.4-26	match
multtest	2.60.0	Bioconductor	no	2.60.0	match
mutoss	0.1.13	CRAN	no	0.1-13	match
mvtnorm	1.3.6	CRAN	no	1.3-6	match
naniar	1.1.0	CRAN	no	1.1.0	match
nlme	3.1.164	CRAN	no	3.1-164	match
nloptr	2.2.1	CRAN	no	2.2.1	match
nnet	7.3.19	CRAN	no	7.3-19	match
norm	1.0.11.1	CRAN	no	1.0-11.1	match
nortest	1.0.4	CRAN	no	1.0-4	match
numDeriv	2016.8.1.1	CRAN	no	2016.8-1.1	match
openssl	2.3.5	CRAN	no	2.3.5	match
openxlsx	4.2.8	CRAN	yes	4.2.8	match
ordinal	2023.12.4.1	CRAN	no	2023.12-4.1	match
org.Hs.eg.db	3.19.1	Bioconductor	yes	3.19.1	match
pak	0.8.0	CRAN	yes	0.8.0	match
pan	1.9	CRAN	no	1.9	match
parallel	4.4.1	base	yes	4.4.1	match
patchwork	1.3.2	CRAN	yes	1.3.2	match
pbkrtest	0.5.5	CRAN	no	0.5.5	match
pheatmap	1.0.12	CRAN	yes	1.0.12	match
pillar	1.11.1	CRAN	no	1.11.1	match
pkgbuild	1.4.8	CRAN	no	1.4.8	match
pkgconfig	2.0.3	CRAN	no	2.0.3	match
pkgdown	2.1.1	CRAN	yes	2.1.1	match
pkgload	1.5.2	CRAN	no	1.5.2	match
PLIER	0.99.0	github:wgmao/PLIER@fe4e9b2	yes	0.99.0	match
plotly	4.11.0	CRAN	no	4.11.0	match
plotrix	3.8.6	github:plotrix/plotrix@0d4c2b0	no	3.8-6	match
plyr	1.8.9	CRAN	no	1.8.9	match
png	0.1.9	CRAN	no	0.1-9	match
polyclip	1.10.7	CRAN	no	1.10-7	match
polynom	1.4.1	CRAN	no	1.4-1	match
praise	1.0.0	CRAN	no	1.0.0	match
preprocessCore	1.68.0	Bioconductor 3.20	no	1.68.0	match
prettyunits	1.2.0	CRAN	no	1.2.0	match
processx	3.8.6	CRAN	no	3.8.6	match
profvis	0.4.0	CRAN	no	0.4.0	match
progress	1.2.3	CRAN	no	1.2.3	match
promises	1.3.2	CRAN	no	1.3.2	match
ProtGenerics	1.38.0	Bioconductor 3.20	no	1.38.0	match
proxy	0.4.27	CRAN	no	0.4-27	match
ps	1.9.1	CRAN	no	1.9.1	match
psych	2.4.6.26	CRAN	yes	2.4.6.26	match
purrr	1.2.1	CRAN	yes	1.2.1	match
qqconf	1.3.2	CRAN	no	1.3.2	match
quantreg	6.1	CRAN	no	6.1	match
qvalue	2.36.0	Bioconductor	no	2.36.0	match
R.methodsS3	1.8.2	CRAN	no	1.8.2	match
R.oo	1.27.0	CRAN	no	1.27.0	match
R.utils	2.12.3	CRAN	yes	2.12.3	match
r2r	0.1.2	CRAN	no	0.1.2	match
R6	2.6.1	CRAN	no	2.6.1	match
ragg	1.3.3	CRAN	no	1.3.3	match
randomForest	4.7.1.2	CRAN	yes	4.7-1.2	match
rappdirs	0.3.4	CRAN	no	0.3.4	match
rbibutils	2.4.1	CRAN	no	2.4.1	match
rcmdcheck	1.4.0	CRAN	no	1.4.0	match
RColorBrewer	1.1.3	CRAN	yes	1.1-3	match
Rcpp	1.1.1	CRAN	no	1.1.1	match
RcppArmadillo	15.2.4.1	CRAN	no	15.2.4-1	match
RcppEigen	0.3.4.0.2	CRAN	no	0.3.4.0.2	match
RcppTOML	0.2.3	CRAN	no	0.2.3	match
RCurl	1.98.1.17	CRAN	no	1.98-1.17	match
Rdpack	2.6.6	CRAN	no	2.6.6	match
readr	2.2.0	CRAN	yes	2.2.0	match
readxl	1.4.3	CRAN	yes	1.4.3	match
reformulas	0.4.4	CRAN	yes	0.4.4	match
regioneR	1.38.0	Bioconductor 3.20	no	1.38.0	match
remaCor	0.0.20	CRAN	no	0.0.20	match
rematch	2.0.0	CRAN	no	2.0.0	match
rematch2	2.1.2	CRAN	no	2.1.2	match
remotes	2.5.0	CRAN	yes	2.5.0	match
renv	1.0.11	CRAN	yes	1.0.11	match
reprex	2.1.1	CRAN	no	2.1.1	match
reshape	0.8.10	CRAN	no	0.8.10	match
reshape2	1.4.5	CRAN	yes	1.4.5	match
restfulr	0.0.15	CRAN	no	0.0.15	match
reticulate	1.43.0	CRAN	no	1.43.0	match
rhdf5	2.48.0	Bioconductor	no	2.48.0	match
rhdf5filters	1.16.0	Bioconductor	no	1.16.0	match
Rhdf5lib	1.26.0	Bioconductor	no	1.26.0	match
RhpcBLASctl	0.23.42	CRAN	no	0.23-42	match
Rhtslib	3.0.0	Bioconductor	no	3.0.0	match
rjson	0.2.23	CRAN	yes	0.2.23	match
rlang	1.3.0	CRAN	yes	1.3.0	match
rmarkdown	2.30	CRAN	yes	2.30	match
Rmisc	1.5.1	CRAN	yes	1.5.1	match
robustbase	0.99.4.1	CRAN	no	0.99-4-1	match
roxygen2	8.0.0	CRAN	yes	8.0.0	match
rpart	4.1.23	CRAN	no	4.1.23	match
rprojroot	2.1.1	CRAN	no	2.1.1	match
RProtoBufLib	2.16.0	Bioconductor	no	2.16.0	match
Rsamtools	2.20.0	Bioconductor	no	2.20.0	match
RSpectra	0.16.2	CRAN	no	0.16-2	match
RSQLite	2.4.6	CRAN	no	2.4.6	match
rstatix	0.7.3	CRAN	no	0.7.3	match
rstudioapi	0.17.1	CRAN	no	0.17.1	match
rsvd	1.0.5	CRAN	no	1.0.5	match
rtracklayer	1.64.0	Bioconductor	no	1.64.0	match
Rtsne	0.17	CRAN	yes	0.17	match
rversions	2.1.2	CRAN	no	2.1.2	match
rvest	1.0.4	CRAN	no	1.0.4	match
s2	1.1.9	CRAN	no	1.1.9	match
S4Arrays	1.6.0	Bioconductor 3.20	no	1.6.0	match
S4Vectors	0.44.0	Bioconductor 3.20	no	0.44.0	match
S7	0.2.1	CRAN	no	0.2.1	match
sandwich	3.1.1	CRAN	no	3.1-1	match
sass	0.4.10	CRAN	no	0.4.10	match
scales	1.4.0	CRAN	yes	1.4.0	match
scatterpie	0.2.4	CRAN	no	0.2.4	match
selectr	0.4.2	CRAN	no	0.4-2	match
sessioninfo	1.2.2	CRAN	no	1.2.2	match
sf	1.0.21	CRAN	no	1.0-21	match
shades	1.4.0	CRAN	no	1.4.0	match
shadowtext	0.1.4	CRAN	no	0.1.4	match
shape	1.4.6.1	CRAN	no	1.4.6.1	match
shiny	1.9.1	CRAN	no	1.9.1	match
sn	2.1.1	CRAN	no	2.1.1	match
snow	0.4.4	CRAN	no	0.4-4	match
SNPRelate	1.40.0	Bioconductor 3.20	yes	1.40.0	match
sourcetools	0.1.7.1	CRAN	no	0.1.7-1	match
SparseArray	1.6.2	Bioconductor 3.20	no	1.6.2	match
SparseM	1.84.2	CRAN	no	1.84-2	match
splines	4.4.1	base	no	4.4.1	match
statmod	1.5.1	CRAN	no	1.5.1	match
stats	4.4.1	base	yes	4.4.1	match
stats4	4.4.1	base	no	4.4.1	match
stringi	1.8.7	CRAN	yes	1.8.7	match
stringr	1.6.0	CRAN	yes	1.6.0	match
SummarizedExperiment	1.34.0	Bioconductor	no	1.34.0	match
survival	3.6.4	CRAN	no	3.6-4	match
sys	3.4.3	CRAN	no	3.4.3	match
systemfonts	1.3.1	CRAN	no	1.3.1	match
table.glue	0.0.5	CRAN	yes	0.0.5	match
tcltk	4.4.1	base	no	4.4.1	match
testthat	3.3.2	CRAN	yes	3.3.2	match
textshaping	0.4.0	CRAN	no	0.4.0	match
TFisher	0.2.0	CRAN	no	0.2.0	match
TH.data	1.1.2	CRAN	no	1.1-2	match
tibble	3.3.1	CRAN	yes	3.3.1	match
tidygraph	1.3.1	CRAN	no	1.3.1	match
tidyr	1.3.2	CRAN	yes	1.3.2	match
tidyselect	1.2.1	CRAN	no	1.2.1	match
tidytree	0.4.6	CRAN	no	0.4.6	match
tidyverse	2.0.0	CRAN	yes	2.0.0	match
timechange	0.4.0	CRAN	no	0.4.0	match
timeDate	4052.112	CRAN	no	4052.112	match
tinytex	0.58	CRAN	no	0.58	match
tkWidgets	1.82.0	Bioconductor	no	1.82.0	match
TMSig	1.6.0	Bioconductor	yes	1.6.0	match
tools	4.4.1	base	yes	4.4.1	match
treeio	1.28.0	Bioconductor	no	1.28.0	match
tweenr	2.0.3	CRAN	no	2.0.3	match
TxDb.Hsapiens.UCSC.hg19.knownGene	3.2.2	Bioconductor 3.20	yes	3.2.2	match
txdbmaker	1.2.1	Bioconductor 3.20	yes	1.2.1	match
tzdb	0.5.0	CRAN	no	0.5.0	match
ucminf	1.2.2	CRAN	no	1.2.2	match
UCSC.utils	1.0.0	Bioconductor	no	1.0.0	match
umap	0.2.10.0	CRAN	yes	0.2.10.0	match
units	0.8.7	CRAN	no	0.8-7	match
UpSetR	1.4.0	CRAN	yes	1.4.0	match
urca	1.3.4	CRAN	no	1.3-4	match
urlchecker	1.0.1	CRAN	no	1.0.1	match
usethis	3.1.0	CRAN	yes	3.1.0	match
utf8	1.2.6	CRAN	no	1.2.6	match
utils	4.4.1	base	yes	4.4.1	match
uuid	1.2.1	CRAN	no	1.2-1	match
variancePartition	1.38.1	Bioconductor	yes	1.38.1	match
vctrs	0.7.3	CRAN	no	0.7.3	match
venn	1.12	CRAN	no	1.12	match
VennDiagram	1.7.3	CRAN	yes	1.7.3	match
vipor	0.4.7	CRAN	no	0.4.7	match
viridis	0.6.5	CRAN	no	0.6.5	match
viridisLite	0.4.3	CRAN	no	0.4.3	match
visdat	0.6.0	CRAN	no	0.6.0	match
visNetwork	2.1.2	CRAN	no	2.1.2	match
vroom	1.7.0	CRAN	no	1.7.0	match
waldo	0.6.2	CRAN	no	0.6.2	match
WGCNA	1.73	CRAN	yes	1.73	match
whisker	0.4.1	CRAN	no	0.4.1	match
widgetTools	1.82.0	Bioconductor	no	1.82.0	match
withr	3.0.3	CRAN	no	3.0.3	match
wk	0.9.4	CRAN	no	0.9.4	match
writexl	1.5.4	CRAN	yes	1.5.4	match
xfun	0.57	CRAN	no	0.57	match
XML	3.99.0.22	CRAN	no	3.99-0.22	match
xml2	1.5.2	CRAN	no	1.5.2	match
xopen	1.0.1	CRAN	no	1.0.1	match
xtable	1.8.8	CRAN	no	1.8-8	match
XVector	0.44.0	Bioconductor	no	0.44.0	match
yaml	2.3.12	CRAN	no	2.3.12	match
yulab.utils	0.2.0	CRAN	no	0.2.0	match
zip	2.3.3	CRAN	no	2.3.3	match
zlibbioc	1.50.0	Bioconductor	no	1.50.0	match
zoo	1.8.15	CRAN	no	1.8-15	match
