package	version	source	built_under	direct	library
abind	1.4.8	CRAN	4.4.1	no	/Library/Frameworks/R.framework/Versions/4.4-arm64/Resources/library
admisc	0.37	CRAN	4.4.1	no	/Library/Frameworks/R.framework/Versions/4.4-arm64/Resources/library
annotate	1.82.0	Bioconductor	4.4.0	no	/Library/Frameworks/R.framework/Versions/4.4-arm64/Resources/library
AnnotationDbi	1.68.0	Bioconductor 3.20	4.4.1	yes	/Library/Frameworks/R.framework/Versions/4.4-arm64/Resources/library
AnnotationFilter	1.30.0	Bioconductor 3.20	4.4.1	no	/Library/Frameworks/R.framework/Versions/4.4-arm64/Resources/library
AnnotationHub	3.14.0	Bioconductor 3.20	4.4.1	no	/Library/Frameworks/R.framework/Versions/4.4-arm64/Resources/library
annotatr	1.32.0	Bioconductor 3.20	4.4.1	yes	/Library/Frameworks/R.framework/Versions/4.4-arm64/Resources/library
aod	1.3.3	CRAN	4.4.0	no	/Library/Frameworks/R.framework/Versions/4.4-arm64/Resources/library
ape	5.8	CRAN	4.4.0	no	/Library/Frameworks/R.framework/Versions/4.4-arm64/Resources/library
aplot	0.2.3	CRAN	4.4.0	no	/Library/Frameworks/R.framework/Versions/4.4-arm64/Resources/library
askpass	1.2.1	CRAN	4.4.1	no	/Library/Frameworks/R.framework/Versions/4.4-arm64/Resources/library
assertthat	0.2.1	CRAN	4.4.0	no	/Library/Frameworks/R.framework/Versions/4.4-arm64/Resources/library
babelgene	22.9	CRAN	4.4.0	no	/Library/Frameworks/R.framework/Versions/4.4-arm64/Resources/library
backports	1.5.0	CRAN	4.4.1	no	/Library/Frameworks/R.framework/Versions/4.4-arm64/Resources/library
base	4.4.1	base	4.4.1	yes	/Library/Frameworks/R.framework/Versions/4.4-arm64/Resources/library
base64enc	0.1.3	CRAN	4.4.0	no	/Library/Frameworks/R.framework/Versions/4.4-arm64/Resources/library
beeswarm	0.4.0	CRAN	4.4.1	no	/Library/Frameworks/R.framework/Versions/4.4-arm64/Resources/library
BH	1.90.0.1	CRAN	4.4.3	no	/Library/Frameworks/R.framework/Versions/4.4-arm64/Resources/library
Biobase	2.72.0	Bioconductor	4.4.1	yes	/Library/Frameworks/R.framework/Versions/4.4-arm64/Resources/library
BiocFileCache	2.12.0	Bioconductor	4.4.0	no	/Library/Frameworks/R.framework/Versions/4.4-arm64/Resources/library
BiocGenerics	0.52.0	Bioconductor 3.20	4.4.1	no	/Library/Frameworks/R.framework/Versions/4.4-arm64/Resources/library
BiocIO	1.14.0	Bioconductor	4.4.0	no	/Library/Frameworks/R.framework/Versions/4.4-arm64/Resources/library
BiocManager	1.30.26	CRAN	4.4.1	yes	/Library/Frameworks/R.framework/Versions/4.4-arm64/Resources/library
BiocParallel	1.38.0	Bioconductor	4.4.0	yes	/Library/Frameworks/R.framework/Versions/4.4-arm64/Resources/library
BiocVersion	3.19.1	Bioconductor	4.4.0	no	/Library/Frameworks/R.framework/Versions/4.4-arm64/Resources/library
biomaRt	2.60.1	Bioconductor	4.4.0	yes	/Library/Frameworks/R.framework/Versions/4.4-arm64/Resources/library
Biostrings	2.72.1	Bioconductor	4.4.0	no	/Library/Frameworks/R.framework/Versions/4.4-arm64/Resources/library
bit	4.6.0	CRAN	4.4.1	no	/Library/Frameworks/R.framework/Versions/4.4-arm64/Resources/library
bit64	4.6.0.1	CRAN	4.4.1	no	/Library/Frameworks/R.framework/Versions/4.4-arm64/Resources/library
bitops	1.0.9	CRAN	4.4.1	no	/Library/Frameworks/R.framework/Versions/4.4-arm64/Resources/library
blob	1.3.0	CRAN	4.4.3	no	/Library/Frameworks/R.framework/Versions/4.4-arm64/Resources/library
boot	1.3.30	CRAN	4.4.1	no	/Library/Frameworks/R.framework/Versions/4.4-arm64/Resources/library
brew	1.0.10	CRAN	4.4.0	no	/Library/Frameworks/R.framework/Versions/4.4-arm64/Resources/library
brio	1.1.5	CRAN	4.4.0	no	/Library/Frameworks/R.framework/Versions/4.4-arm64/Resources/library
broom	1.0.12	CRAN	4.4.3	no	/Library/Frameworks/R.framework/Versions/4.4-arm64/Resources/library
BSgenome	1.74.0	Bioconductor 3.20	4.4.1	no	/Library/Frameworks/R.framework/Versions/4.4-arm64/Resources/library
bslib	0.10.0	CRAN	4.4.3	no	/Library/Frameworks/R.framework/Versions/4.4-arm64/Resources/library
bubbleHeatmap	0.1.1	CRAN	4.4.1	yes	/Library/Frameworks/R.framework/Versions/4.4-arm64/Resources/library
cachem	1.1.0	CRAN	4.4.0	no	/Library/Frameworks/R.framework/Versions/4.4-arm64/Resources/library
Cairo	1.6.2	CRAN	4.4.1	yes	/Library/Frameworks/R.framework/Versions/4.4-arm64/Resources/library
callr	3.7.6	CRAN	4.4.0	no	/Library/Frameworks/R.framework/Versions/4.4-arm64/Resources/library
car	3.1.5	CRAN	4.4.3	yes	/Library/Frameworks/R.framework/Versions/4.4-arm64/Resources/library
carData	3.0.6	CRAN	4.4.3	no	/Library/Frameworks/R.framework/Versions/4.4-arm64/Resources/library
caTools	1.18.3	CRAN	4.4.1	no	/Library/Frameworks/R.framework/Versions/4.4-arm64/Resources/library
cellranger	1.1.0	CRAN	4.4.0	no	/Library/Frameworks/R.framework/Versions/4.4-arm64/Resources/library
checkmate	2.3.2	CRAN	4.4.0	no	/Library/Frameworks/R.framework/Versions/4.4-arm64/Resources/library
ChIPseeker	1.42.1	Bioconductor 3.20	4.4.2	yes	/Library/Frameworks/R.framework/Versions/4.4-arm64/Resources/library
circlize	0.4.17	CRAN	4.4.3	yes	/Library/Frameworks/R.framework/Versions/4.4-arm64/Resources/library
class	7.3.22	CRAN	4.4.1	no	/Library/Frameworks/R.framework/Versions/4.4-arm64/Resources/library
classInt	0.4.11	CRAN	4.4.1	no	/Library/Frameworks/R.framework/Versions/4.4-arm64/Resources/library
cli	3.6.6	CRAN	4.4.1	no	/Library/Frameworks/R.framework/Versions/4.4-arm64/Resources/library
clipr	0.8.0	CRAN	4.4.1	no	/Library/Frameworks/R.framework/Versions/4.4-arm64/Resources/library
clue	0.3.67	CRAN	4.4.3	no	/Library/Frameworks/R.framework/Versions/4.4-arm64/Resources/library
cluster	2.1.6	CRAN	4.4.1	no	/Library/Frameworks/R.framework/Versions/4.4-arm64/Resources/library
clusterProfiler	4.12.6	Bioconductor	4.4.1	yes	/Library/Frameworks/R.framework/Versions/4.4-arm64/Resources/library
cmapR	1.16.0	Bioconductor	4.4.0	yes	/Library/Frameworks/R.framework/Versions/4.4-arm64/Resources/library
codetools	0.2.20	CRAN	4.4.1	no	/Library/Frameworks/R.framework/Versions/4.4-arm64/Resources/library
colorspace	2.1.2	CRAN	4.4.1	no	/Library/Frameworks/R.framework/Versions/4.4-arm64/Resources/library
commonmark	2.0.0	CRAN	4.4.1	no	/Library/Frameworks/R.framework/Versions/4.4-arm64/Resources/library
compiler	4.4.1	base	4.4.1	no	/Library/Frameworks/R.framework/Versions/4.4-arm64/Resources/library
ComplexHeatmap	2.20.0	Bioconductor	4.4.0	yes	/Library/Frameworks/R.framework/Versions/4.4-arm64/Resources/library
ComplexUpset	1.3.6	github:krassowski/complex-upset@79fa000	4.4.1	yes	/Library/Frameworks/R.framework/Versions/4.4-arm64/Resources/library
conflicted	1.2.0	CRAN	4.4.0	yes	/Library/Frameworks/R.framework/Versions/4.4-arm64/Resources/library
corpcor	1.6.10	CRAN	4.4.0	no	/Library/Frameworks/R.framework/Versions/4.4-arm64/Resources/library
corrplot	0.95	CRAN	4.4.1	no	/Library/Frameworks/R.framework/Versions/4.4-arm64/Resources/library
cowplot	1.2.0	CRAN	4.4.1	yes	/Library/Frameworks/R.framework/Versions/4.4-arm64/Resources/library
cpp11	0.5.5	CRAN	4.4.1	no	/Library/Frameworks/R.framework/Versions/4.4-arm64/Resources/library
crayon	1.5.3	CRAN	4.4.0	no	/Library/Frameworks/R.framework/Versions/4.4-arm64/Resources/library
credentials	2.0.2	CRAN	4.4.1	no	/Library/Frameworks/R.framework/Versions/4.4-arm64/Resources/library
crosstalk	1.2.1	CRAN	4.4.0	no	/Library/Frameworks/R.framework/Versions/4.4-arm64/Resources/library
curl	7.0.0	CRAN	4.4.1	yes	/Library/Frameworks/R.framework/Versions/4.4-arm64/Resources/library
cytolib	2.16.0	Bioconductor	4.4.0	no	/Library/Frameworks/R.framework/Versions/4.4-arm64/Resources/library
data.table	1.18.2.1	CRAN	4.4.3	yes	/Library/Frameworks/R.framework/Versions/4.4-arm64/Resources/library
DBI	1.3.0	CRAN	4.4.3	no	/Library/Frameworks/R.framework/Versions/4.4-arm64/Resources/library
dbplyr	2.5.0	CRAN	4.4.0	no	/Library/Frameworks/R.framework/Versions/4.4-arm64/Resources/library
DelayedArray	0.32.0	Bioconductor 3.20	4.4.1	no	/Library/Frameworks/R.framework/Versions/4.4-arm64/Resources/library
DEoptimR	1.1.3.1	CRAN	4.4.1	no	/Library/Frameworks/R.framework/Versions/4.4-arm64/Resources/library
Deriv	4.2.0	CRAN	4.4.1	no	/Library/Frameworks/R.framework/Versions/4.4-arm64/Resources/library
desc	1.4.3	CRAN	4.4.0	no	/Library/Frameworks/R.framework/Versions/4.4-arm64/Resources/library
devtools	2.4.5	CRAN	4.4.0	yes	/Library/Frameworks/R.framework/Versions/4.4-arm64/Resources/library
diffobj	0.3.6	CRAN	4.4.1	no	/Library/Frameworks/R.framework/Versions/4.4-arm64/Resources/library
digest	0.6.39	CRAN	4.4.3	no	/Library/Frameworks/R.framework/Versions/4.4-arm64/Resources/library
doBy	4.7.1	CRAN	4.4.3	no	/Library/Frameworks/R.framework/Versions/4.4-arm64/Resources/library
doParallel	1.0.17	CRAN	4.4.0	yes	/Library/Frameworks/R.framework/Versions/4.4-arm64/Resources/library
DOSE	3.30.5	Bioconductor	4.4.1	no	/Library/Frameworks/R.framework/Versions/4.4-arm64/Resources/library
downlit	0.4.4	CRAN	4.4.0	no	/Library/Frameworks/R.framework/Versions/4.4-arm64/Resources/library
downloader	0.4	CRAN	4.4.0	no	/Library/Frameworks/R.framework/Versions/4.4-arm64/Resources/library
dplyr	1.2.0	CRAN	4.4.3	yes	/Library/Frameworks/R.framework/Versions/4.4-arm64/Resources/library
dtplyr	1.3.1	CRAN	4.4.0	no	/Library/Frameworks/R.framework/Versions/4.4-arm64/Resources/library
dynamicTreeCut	1.63.1	CRAN	4.4.1	no	/Library/Frameworks/R.framework/Versions/4.4-arm64/Resources/library
DynDoc	1.82.0	Bioconductor	4.4.0	no	/Library/Frameworks/R.framework/Versions/4.4-arm64/Resources/library
e1071	1.7.16	CRAN	4.4.1	no	/Library/Frameworks/R.framework/Versions/4.4-arm64/Resources/library
edgeR	4.2.2	Bioconductor	4.4.1	yes	/Library/Frameworks/R.framework/Versions/4.4-arm64/Resources/library
ellipsis	0.3.2	CRAN	4.4.0	no	/Library/Frameworks/R.framework/Versions/4.4-arm64/Resources/library
enrichplot	1.24.4	Bioconductor	4.4.1	no	/Library/Frameworks/R.framework/Versions/4.4-arm64/Resources/library
ensembldb	2.30.0	Bioconductor 3.20	4.4.1	yes	/Library/Frameworks/R.framework/Versions/4.4-arm64/Resources/library
EnvStats	3.1.0	CRAN	4.4.1	no	/Library/Frameworks/R.framework/Versions/4.4-arm64/Resources/library
evaluate	1.0.5	CRAN	4.4.1	no	/Library/Frameworks/R.framework/Versions/4.4-arm64/Resources/library
fANCOVA	0.6.1	CRAN	4.4.0	no	/Library/Frameworks/R.framework/Versions/4.4-arm64/Resources/library
fansi	1.0.6	CRAN	4.4.0	no	/Library/Frameworks/R.framework/Versions/4.4-arm64/Resources/library
farver	2.1.2	CRAN	4.4.0	no	/Library/Frameworks/R.framework/Versions/4.4-arm64/Resources/library
fastcluster	1.3.0	CRAN	4.4.1	no	/Library/Frameworks/R.framework/Versions/4.4-arm64/Resources/library
fastmap	1.2.0	CRAN	4.4.0	no	/Library/Frameworks/R.framework/Versions/4.4-arm64/Resources/library
fastmatch	1.1.4	CRAN	4.4.0	no	/Library/Frameworks/R.framework/Versions/4.4-arm64/Resources/library
fgsea	1.30.0	Bioconductor	4.4.0	yes	/Library/Frameworks/R.framework/Versions/4.4-arm64/Resources/library
filelock	1.0.3	CRAN	4.4.0	no	/Library/Frameworks/R.framework/Versions/4.4-arm64/Resources/library
flowCore	2.16.0	Bioconductor	4.4.0	no	/Library/Frameworks/R.framework/Versions/4.4-arm64/Resources/library
fontawesome	0.5.3	CRAN	4.4.1	no	/Library/Frameworks/R.framework/Versions/4.4-arm64/Resources/library
forcats	1.0.1	CRAN	4.4.1	yes	/Library/Frameworks/R.framework/Versions/4.4-arm64/Resources/library
foreach	1.5.2	CRAN	4.4.0	yes	/Library/Frameworks/R.framework/Versions/4.4-arm64/Resources/library
forecast	9.0.2	CRAN	4.4.3	no	/Library/Frameworks/R.framework/Versions/4.4-arm64/Resources/library
foreign	0.8.86	CRAN	4.4.1	no	/Library/Frameworks/R.framework/Versions/4.4-arm64/Resources/library
formatR	1.14	CRAN	4.4.0	no	/Library/Frameworks/R.framework/Versions/4.4-arm64/Resources/library
Formula	1.2.5	CRAN	4.4.0	no	/Library/Frameworks/R.framework/Versions/4.4-arm64/Resources/library
fracdiff	1.5.3	CRAN	4.4.1	no	/Library/Frameworks/R.framework/Versions/4.4-arm64/Resources/library
fs	1.6.7	CRAN	4.4.3	no	/Library/Frameworks/R.framework/Versions/4.4-arm64/Resources/library
futile.logger	1.4.9	CRAN	4.4.3	yes	/Library/Frameworks/R.framework/Versions/4.4-arm64/Resources/library
futile.options	1.0.1	CRAN	4.4.0	no	/Library/Frameworks/R.framework/Versions/4.4-arm64/Resources/library
gargle	1.5.2	CRAN	4.4.0	no	/Library/Frameworks/R.framework/Versions/4.4-arm64/Resources/library
gdsfmt	1.42.1	Bioconductor 3.20	4.4.2	yes	/Library/Frameworks/R.framework/Versions/4.4-arm64/Resources/library
generics	0.1.4	CRAN	4.4.1	no	/Library/Frameworks/R.framework/Versions/4.4-arm64/Resources/library
GenomeInfoDb	1.40.1	Bioconductor	4.4.0	yes	/Library/Frameworks/R.framework/Versions/4.4-arm64/Resources/library
GenomeInfoDbData	1.2.12	Bioconductor	4.4.1	no	/Library/Frameworks/R.framework/Versions/4.4-arm64/Resources/library
GenomicAlignments	1.40.0	Bioconductor	4.4.0	no	/Library/Frameworks/R.framework/Versions/4.4-arm64/Resources/library
GenomicFeatures	1.56.0	Bioconductor	4.4.0	no	/Library/Frameworks/R.framework/Versions/4.4-arm64/Resources/library
GenomicRanges	1.58.0	Bioconductor 3.20	4.4.1	yes	/Library/Frameworks/R.framework/Versions/4.4-arm64/Resources/library
geomtextpath	0.2.0	CRAN	4.4.1	yes	/Library/Frameworks/R.framework/Versions/4.4-arm64/Resources/library
gert	2.1.4	CRAN	4.4.1	no	/Library/Frameworks/R.framework/Versions/4.4-arm64/Resources/library
GetoptLong	1.1.0	CRAN	4.4.3	no	/Library/Frameworks/R.framework/Versions/4.4-arm64/Resources/library
ggbeeswarm	0.7.2	CRAN	4.4.0	yes	/Library/Frameworks/R.framework/Versions/4.4-arm64/Resources/library
ggfittext	0.10.3	CRAN	4.4.3	no	/Library/Frameworks/R.framework/Versions/4.4-arm64/Resources/library
ggforce	0.5.0	CRAN	4.4.1	no	/Library/Frameworks/R.framework/Versions/4.4-arm64/Resources/library
ggfun	0.1.7	CRAN	4.4.1	no	/Library/Frameworks/R.framework/Versions/4.4-arm64/Resources/library
ggh4x	0.3.1	CRAN	4.4.1	yes	/Library/Frameworks/R.framework/Versions/4.4-arm64/Resources/library
ggnewscale	0.5.0	CRAN	4.4.0	yes	/Library/Frameworks/R.framework/Versions/4.4-arm64/Resources/library
ggpattern	1.3.1	CRAN	4.4.3	yes	/Library/Frameworks/R.framework/Versions/4.4-arm64/Resources/library
ggplot2	4.0.2	CRAN	4.4.3	yes	/Library/Frameworks/R.framework/Versions/4.4-arm64/Resources/library
ggplotify	0.1.2	CRAN	4.4.0	no	/Library/Frameworks/R.framework/Versions/4.4-arm64/Resources/library
ggpubr	0.6.3	CRAN	4.4.3	yes	/Library/Frameworks/R.framework/Versions/4.4-arm64/Resources/library
ggraph	2.2.2	CRAN	4.4.1	no	/Library/Frameworks/R.framework/Versions/4.4-arm64/Resources/library
ggrastr	1.0.2	CRAN	4.4.0	yes	/Library/Frameworks/R.framework/Versions/4.4-arm64/Resources/library
ggrepel	0.9.8	CRAN	4.4.3	yes	/Library/Frameworks/R.framework/Versions/4.4-arm64/Resources/library
ggsankey	0.0.99999	github:davidsjoberg/ggsankey@b675d0d	4.4.1	yes	/Library/Frameworks/R.framework/Versions/4.4-arm64/Resources/library
ggsci	4.2.0	CRAN	4.4.3	no	/Library/Frameworks/R.framework/Versions/4.4-arm64/Resources/library
ggsignif	0.6.4	CRAN	4.4.0	no	/Library/Frameworks/R.framework/Versions/4.4-arm64/Resources/library
ggtext	0.1.2	CRAN	4.4.0	yes	/Library/Frameworks/R.framework/Versions/4.4-arm64/Resources/library
ggtree	3.12.0	Bioconductor	4.4.0	no	/Library/Frameworks/R.framework/Versions/4.4-arm64/Resources/library
ggVennDiagram	1.5.2	CRAN	4.4.0	yes	/Library/Frameworks/R.framework/Versions/4.4-arm64/Resources/library
gh	1.4.1	CRAN	4.4.0	no	/Library/Frameworks/R.framework/Versions/4.4-arm64/Resources/library
gitcreds	0.1.2	CRAN	4.4.0	no	/Library/Frameworks/R.framework/Versions/4.4-arm64/Resources/library
glmnet	4.1.8	CRAN	4.4.0	no	/Library/Frameworks/R.framework/Versions/4.4-arm64/Resources/library
GlobalOptions	0.1.3	CRAN	4.4.3	no	/Library/Frameworks/R.framework/Versions/4.4-arm64/Resources/library
glue	1.8.1	CRAN	4.4.1	yes	/Library/Frameworks/R.framework/Versions/4.4-arm64/Resources/library
GO.db	3.19.1	Bioconductor	4.4.1	no	/Library/Frameworks/R.framework/Versions/4.4-arm64/Resources/library
googledrive	2.1.1	CRAN	4.4.0	no	/Library/Frameworks/R.framework/Versions/4.4-arm64/Resources/library
googlesheets4	1.1.1	CRAN	4.4.0	no	/Library/Frameworks/R.framework/Versions/4.4-arm64/Resources/library
GOSemSim	2.30.2	Bioconductor	4.4.1	no	/Library/Frameworks/R.framework/Versions/4.4-arm64/Resources/library
GPArotation	2024.3.1	CRAN	4.4.0	no	/Library/Frameworks/R.framework/Versions/4.4-arm64/Resources/library
gplots	3.3.0	CRAN	4.4.3	yes	/Library/Frameworks/R.framework/Versions/4.4-arm64/Resources/library
gprofiler2	0.2.3	CRAN	4.4.0	yes	/Library/Frameworks/R.framework/Versions/4.4-arm64/Resources/library
graph	1.82.0	Bioconductor	4.4.0	no	/Library/Frameworks/R.framework/Versions/4.4-arm64/Resources/library
graphics	4.4.1	base	4.4.1	no	/Library/Frameworks/R.framework/Versions/4.4-arm64/Resources/library
graphlayouts	1.2.2	CRAN	4.4.1	no	/Library/Frameworks/R.framework/Versions/4.4-arm64/Resources/library
grDevices	4.4.1	base	4.4.1	yes	/Library/Frameworks/R.framework/Versions/4.4-arm64/Resources/library
grid	4.4.1	base	4.4.1	yes	/Library/Frameworks/R.framework/Versions/4.4-arm64/Resources/library
gridExtra	2.3	CRAN	4.4.1	yes	/Library/Frameworks/R.framework/Versions/4.4-arm64/Resources/library
gridGraphics	0.5.1	CRAN	4.4.0	no	/Library/Frameworks/R.framework/Versions/4.4-arm64/Resources/library
gridpattern	1.3.1	CRAN	4.4.1	no	/Library/Frameworks/R.framework/Versions/4.4-arm64/Resources/library
gridtext	0.1.5	CRAN	4.4.0	yes	/Library/Frameworks/R.framework/Versions/4.4-arm64/Resources/library
GSEABase	1.66.0	Bioconductor	4.4.0	yes	/Library/Frameworks/R.framework/Versions/4.4-arm64/Resources/library
gson	0.1.0	CRAN	4.4.0	no	/Library/Frameworks/R.framework/Versions/4.4-arm64/Resources/library
gtable	0.3.6	CRAN	4.4.1	no	/Library/Frameworks/R.framework/Versions/4.4-arm64/Resources/library
gtools	3.9.5	CRAN	4.4.0	no	/Library/Frameworks/R.framework/Versions/4.4-arm64/Resources/library
haven	2.5.4	CRAN	4.4.0	no	/Library/Frameworks/R.framework/Versions/4.4-arm64/Resources/library
here	1.0.2	CRAN	4.4.1	yes	/Library/Frameworks/R.framework/Versions/4.4-arm64/Resources/library
highr	0.12	CRAN	4.4.3	no	/Library/Frameworks/R.framework/Versions/4.4-arm64/Resources/library
Hmisc	5.2.0	CRAN	4.4.1	no	/Library/Frameworks/R.framework/Versions/4.4-arm64/Resources/library
hms	1.1.4	CRAN	4.4.1	no	/Library/Frameworks/R.framework/Versions/4.4-arm64/Resources/library
htmlTable	2.4.3	CRAN	4.4.0	no	/Library/Frameworks/R.framework/Versions/4.4-arm64/Resources/library
htmltools	0.5.9	CRAN	4.4.3	no	/Library/Frameworks/R.framework/Versions/4.4-arm64/Resources/library
htmlwidgets	1.6.4	CRAN	4.4.0	no	/Library/Frameworks/R.framework/Versions/4.4-arm64/Resources/library
httpuv	1.6.15	CRAN	4.4.0	no	/Library/Frameworks/R.framework/Versions/4.4-arm64/Resources/library
httr	1.4.8	CRAN	4.4.3	no	/Library/Frameworks/R.framework/Versions/4.4-arm64/Resources/library
httr2	1.0.7	CRAN	4.4.1	no	/Library/Frameworks/R.framework/Versions/4.4-arm64/Resources/library
ids	1.0.1	CRAN	4.4.0	no	/Library/Frameworks/R.framework/Versions/4.4-arm64/Resources/library
igraph	2.2.1	CRAN	4.4.1	yes	/Library/Frameworks/R.framework/Versions/4.4-arm64/Resources/library
impute	1.80.0	Bioconductor 3.20	4.4.1	no	/Library/Frameworks/R.framework/Versions/4.4-arm64/Resources/library
ini	0.3.1	CRAN	4.4.0	no	/Library/Frameworks/R.framework/Versions/4.4-arm64/Resources/library
inspectdf	0.0.12.1	CRAN	4.4.1	no	/Library/Frameworks/R.framework/Versions/4.4-arm64/Resources/library
IRanges	2.40.1	Bioconductor 3.20	4.4.2	yes	/Library/Frameworks/R.framework/Versions/4.4-arm64/Resources/library
isoband	0.3.0	CRAN	4.4.3	no	/Library/Frameworks/R.framework/Versions/4.4-arm64/Resources/library
iterators	1.0.14	CRAN	4.4.0	no	/Library/Frameworks/R.framework/Versions/4.4-arm64/Resources/library
jomo	2.7.6	CRAN	4.4.0	no	/Library/Frameworks/R.framework/Versions/4.4-arm64/Resources/library
jpeg	0.1.11	CRAN	4.4.1	no	/Library/Frameworks/R.framework/Versions/4.4-arm64/Resources/library
jquerylib	0.1.4	CRAN	4.4.0	no	/Library/Frameworks/R.framework/Versions/4.4-arm64/Resources/library
jsonlite	2.0.0	CRAN	4.4.1	yes	/Library/Frameworks/R.framework/Versions/4.4-arm64/Resources/library
KEGGREST	1.44.1	Bioconductor	4.4.0	yes	/Library/Frameworks/R.framework/Versions/4.4-arm64/Resources/library
KernSmooth	2.23.24	CRAN	4.4.1	no	/Library/Frameworks/R.framework/Versions/4.4-arm64/Resources/library
knitr	1.51	CRAN	4.4.3	yes	/Library/Frameworks/R.framework/Versions/4.4-arm64/Resources/library
labeling	0.4.3	CRAN	4.4.0	no	/Library/Frameworks/R.framework/Versions/4.4-arm64/Resources/library
lambda.r	1.2.4	CRAN	4.4.0	no	/Library/Frameworks/R.framework/Versions/4.4-arm64/Resources/library
later	1.4.1	CRAN	4.4.1	no	/Library/Frameworks/R.framework/Versions/4.4-arm64/Resources/library
latex2exp	0.9.8	CRAN	4.4.3	yes	/Library/Frameworks/R.framework/Versions/4.4-arm64/Resources/library
lattice	0.22.6	CRAN	4.4.1	no	/Library/Frameworks/R.framework/Versions/4.4-arm64/Resources/library
lazyeval	0.2.2	CRAN	4.4.0	no	/Library/Frameworks/R.framework/Versions/4.4-arm64/Resources/library
lifecycle	1.0.5	CRAN	4.4.3	no	/Library/Frameworks/R.framework/Versions/4.4-arm64/Resources/library
limma	3.62.2	Bioconductor	4.4.2	yes	/Library/Frameworks/R.framework/Versions/4.4-arm64/Resources/library
litedown	0.9	CRAN	4.4.3	no	/Library/Frameworks/R.framework/Versions/4.4-arm64/Resources/library
lme4	1.1.38	CRAN	4.4.1	yes	/Library/Frameworks/R.framework/Versions/4.4-arm64/Resources/library
lmerTest	3.2.1	CRAN	4.4.3	yes	/Library/Frameworks/R.framework/Versions/4.4-arm64/Resources/library
lmtest	0.9.40	CRAN	4.4.0	no	/Library/Frameworks/R.framework/Versions/4.4-arm64/Resources/library
locfit	1.5.9.12	CRAN	4.4.1	no	/Library/Frameworks/R.framework/Versions/4.4-arm64/Resources/library
lubridate	1.9.5	CRAN	4.4.3	no	/Library/Frameworks/R.framework/Versions/4.4-arm64/Resources/library
magrittr	2.0.5	CRAN	4.4.1	yes	/Library/Frameworks/R.framework/Versions/4.4-arm64/Resources/library
markdown	2.0	CRAN	4.4.1	no	/Library/Frameworks/R.framework/Versions/4.4-arm64/Resources/library
MASS	7.3.60.2	CRAN	4.4.1	no	/Library/Frameworks/R.framework/Versions/4.4-arm64/Resources/library
mathjaxr	1.6.0	CRAN	4.4.0	no	/Library/Frameworks/R.framework/Versions/4.4-arm64/Resources/library
Matrix	1.7.0	CRAN	4.4.1	no	/Library/Frameworks/R.framework/Versions/4.4-arm64/Resources/library
MatrixGenerics	1.16.0	Bioconductor	4.4.0	no	/Library/Frameworks/R.framework/Versions/4.4-arm64/Resources/library
MatrixModels	0.5.4	CRAN	4.4.1	no	/Library/Frameworks/R.framework/Versions/4.4-arm64/Resources/library
matrixStats	1.5.0	CRAN	4.4.1	yes	/Library/Frameworks/R.framework/Versions/4.4-arm64/Resources/library
memoise	2.0.1	CRAN	4.4.0	no	/Library/Frameworks/R.framework/Versions/4.4-arm64/Resources/library
metap	1.11	CRAN	4.4.0	no	/Library/Frameworks/R.framework/Versions/4.4-arm64/Resources/library
methods	4.4.1	base	4.4.1	no	/Library/Frameworks/R.framework/Versions/4.4-arm64/Resources/library
Mfuzz	2.72.0	Bioconductor	4.4.1	yes	/Library/Frameworks/R.framework/Versions/4.4-arm64/Resources/library
mgcv	1.9.1	CRAN	4.4.1	no	/Library/Frameworks/R.framework/Versions/4.4-arm64/Resources/library
mice	3.17.0	CRAN	4.4.1	yes	/Library/Frameworks/R.framework/Versions/4.4-arm64/Resources/library
microbenchmark	1.5.0	CRAN	4.4.1	no	/Library/Frameworks/R.framework/Versions/4.4-arm64/Resources/library
mime	0.13	CRAN	4.4.1	no	/Library/Frameworks/R.framework/Versions/4.4-arm64/Resources/library
miniUI	0.1.1.1	CRAN	4.4.0	no	/Library/Frameworks/R.framework/Versions/4.4-arm64/Resources/library
minqa	1.2.8	CRAN	4.4.0	no	/Library/Frameworks/R.framework/Versions/4.4-arm64/Resources/library
mitml	0.4.5	CRAN	4.4.0	no	/Library/Frameworks/R.framework/Versions/4.4-arm64/Resources/library
mnormt	2.1.1	CRAN	4.4.0	no	/Library/Frameworks/R.framework/Versions/4.4-arm64/Resources/library
modelr	0.1.11	CRAN	4.4.0	no	/Library/Frameworks/R.framework/Versions/4.4-arm64/Resources/library
MotrpacBicQC	1.7.0	github:MoTrPAC/MotrpacBicQC@d873a93	4.4.1	yes	/Library/Frameworks/R.framework/Versions/4.4-arm64/Resources/library
MotrpacHumanPreSuspensionAnalysis	0.2.4	local source install	4.4.1	yes	/Library/Frameworks/R.framework/Versions/4.4-arm64/Resources/library
MotrpacHumanPreSuspensionData	0.0.1.102	local source install	4.4.1	yes	/Library/Frameworks/R.framework/Versions/4.4-arm64/Resources/library
MotrpacRatTraining6mo	1.6.5	github:MoTrPAC/MotrpacRatTraining6mo@0f38357	4.4.1	yes	/Library/Frameworks/R.framework/Versions/4.4-arm64/Resources/library
MotrpacRatTraining6moData	2.0.0	github:MoTrPAC/MotrpacRatTraining6moData@874814b	4.4.1	no	/Library/Frameworks/R.framework/Versions/4.4-arm64/Resources/library
msigdbr	25.1.1	CRAN	4.4.1	yes	/Library/Frameworks/R.framework/Versions/4.4-arm64/Resources/library
multcomp	1.4.26	CRAN	4.4.0	no	/Library/Frameworks/R.framework/Versions/4.4-arm64/Resources/library
multtest	2.60.0	Bioconductor	4.4.0	no	/Library/Frameworks/R.framework/Versions/4.4-arm64/Resources/library
mutoss	0.1.13	CRAN	4.4.0	no	/Library/Frameworks/R.framework/Versions/4.4-arm64/Resources/library
mvtnorm	1.3.6	CRAN	4.4.3	no	/Library/Frameworks/R.framework/Versions/4.4-arm64/Resources/library
naniar	1.1.0	CRAN	4.4.0	no	/Library/Frameworks/R.framework/Versions/4.4-arm64/Resources/library
nlme	3.1.164	CRAN	4.4.1	no	/Library/Frameworks/R.framework/Versions/4.4-arm64/Resources/library
nloptr	2.2.1	CRAN	4.4.1	no	/Library/Frameworks/R.framework/Versions/4.4-arm64/Resources/library
nnet	7.3.19	CRAN	4.4.1	no	/Library/Frameworks/R.framework/Versions/4.4-arm64/Resources/library
norm	1.0.11.1	CRAN	4.4.0	no	/Library/Frameworks/R.framework/Versions/4.4-arm64/Resources/library
nortest	1.0.4	CRAN	4.4.0	no	/Library/Frameworks/R.framework/Versions/4.4-arm64/Resources/library
numDeriv	2016.8.1.1	CRAN	4.4.0	no	/Library/Frameworks/R.framework/Versions/4.4-arm64/Resources/library
openssl	2.3.5	CRAN	4.4.3	no	/Library/Frameworks/R.framework/Versions/4.4-arm64/Resources/library
openxlsx	4.2.8	CRAN	4.4.1	yes	/Library/Frameworks/R.framework/Versions/4.4-arm64/Resources/library
ordinal	2023.12.4.1	CRAN	4.4.1	no	/Library/Frameworks/R.framework/Versions/4.4-arm64/Resources/library
org.Hs.eg.db	3.19.1	Bioconductor	4.4.1	yes	/Library/Frameworks/R.framework/Versions/4.4-arm64/Resources/library
pak	0.8.0	CRAN	4.4.1	yes	/Library/Frameworks/R.framework/Versions/4.4-arm64/Resources/library
pan	1.9	CRAN	4.4.0	no	/Library/Frameworks/R.framework/Versions/4.4-arm64/Resources/library
parallel	4.4.1	base	4.4.1	yes	/Library/Frameworks/R.framework/Versions/4.4-arm64/Resources/library
patchwork	1.3.2	CRAN	4.4.1	yes	/Library/Frameworks/R.framework/Versions/4.4-arm64/Resources/library
pbkrtest	0.5.5	CRAN	4.4.1	no	/Library/Frameworks/R.framework/Versions/4.4-arm64/Resources/library
pheatmap	1.0.12	CRAN	4.4.0	yes	/Library/Frameworks/R.framework/Versions/4.4-arm64/Resources/library
pillar	1.11.1	CRAN	4.4.1	no	/Library/Frameworks/R.framework/Versions/4.4-arm64/Resources/library
pkgbuild	1.4.8	CRAN	4.4.1	no	/Library/Frameworks/R.framework/Versions/4.4-arm64/Resources/library
pkgconfig	2.0.3	CRAN	4.4.0	no	/Library/Frameworks/R.framework/Versions/4.4-arm64/Resources/library
pkgdown	2.1.1	CRAN	4.4.1	yes	/Library/Frameworks/R.framework/Versions/4.4-arm64/Resources/library
pkgload	1.5.2	CRAN	4.4.1	no	/Library/Frameworks/R.framework/Versions/4.4-arm64/Resources/library
PLIER	0.99.0	github:wgmao/PLIER@fe4e9b2	4.4.1	yes	/Library/Frameworks/R.framework/Versions/4.4-arm64/Resources/library
plotly	4.11.0	CRAN	4.4.1	no	/Library/Frameworks/R.framework/Versions/4.4-arm64/Resources/library
plotrix	3.8.6	github:plotrix/plotrix@0d4c2b0	4.4.1	no	/Library/Frameworks/R.framework/Versions/4.4-arm64/Resources/library
plyr	1.8.9	CRAN	4.4.0	no	/Library/Frameworks/R.framework/Versions/4.4-arm64/Resources/library
png	0.1.9	CRAN	4.4.3	no	/Library/Frameworks/R.framework/Versions/4.4-arm64/Resources/library
polyclip	1.10.7	CRAN	4.4.0	no	/Library/Frameworks/R.framework/Versions/4.4-arm64/Resources/library
polynom	1.4.1	CRAN	4.4.0	no	/Library/Frameworks/R.framework/Versions/4.4-arm64/Resources/library
praise	1.0.0	CRAN	4.4.0	no	/Library/Frameworks/R.framework/Versions/4.4-arm64/Resources/library
preprocessCore	1.68.0	Bioconductor 3.20	4.4.1	no	/Library/Frameworks/R.framework/Versions/4.4-arm64/Resources/library
prettyunits	1.2.0	CRAN	4.4.0	no	/Library/Frameworks/R.framework/Versions/4.4-arm64/Resources/library
processx	3.8.6	CRAN	4.4.1	no	/Library/Frameworks/R.framework/Versions/4.4-arm64/Resources/library
profvis	0.4.0	CRAN	4.4.1	no	/Library/Frameworks/R.framework/Versions/4.4-arm64/Resources/library
progress	1.2.3	CRAN	4.4.0	no	/Library/Frameworks/R.framework/Versions/4.4-arm64/Resources/library
promises	1.3.2	CRAN	4.4.1	no	/Library/Frameworks/R.framework/Versions/4.4-arm64/Resources/library
ProtGenerics	1.38.0	Bioconductor 3.20	4.4.1	no	/Library/Frameworks/R.framework/Versions/4.4-arm64/Resources/library
proxy	0.4.27	CRAN	4.4.0	no	/Library/Frameworks/R.framework/Versions/4.4-arm64/Resources/library
ps	1.9.1	CRAN	4.4.1	no	/Library/Frameworks/R.framework/Versions/4.4-arm64/Resources/library
psych	2.4.6.26	CRAN	4.4.0	yes	/Library/Frameworks/R.framework/Versions/4.4-arm64/Resources/library
purrr	1.2.1	CRAN	4.4.3	yes	/Library/Frameworks/R.framework/Versions/4.4-arm64/Resources/library
qqconf	1.3.2	CRAN	4.4.0	no	/Library/Frameworks/R.framework/Versions/4.4-arm64/Resources/library
quantreg	6.1	CRAN	4.4.1	no	/Library/Frameworks/R.framework/Versions/4.4-arm64/Resources/library
qvalue	2.36.0	Bioconductor	4.4.0	no	/Library/Frameworks/R.framework/Versions/4.4-arm64/Resources/library
R.methodsS3	1.8.2	CRAN	4.4.0	no	/Library/Frameworks/R.framework/Versions/4.4-arm64/Resources/library
R.oo	1.27.0	CRAN	4.4.1	no	/Library/Frameworks/R.framework/Versions/4.4-arm64/Resources/library
R.utils	2.12.3	CRAN	4.4.0	yes	/Library/Frameworks/R.framework/Versions/4.4-arm64/Resources/library
r2r	0.1.2	CRAN	4.4.1	no	/Library/Frameworks/R.framework/Versions/4.4-arm64/Resources/library
R6	2.6.1	CRAN	4.4.1	no	/Library/Frameworks/R.framework/Versions/4.4-arm64/Resources/library
ragg	1.3.3	CRAN	4.4.1	no	/Library/Frameworks/R.framework/Versions/4.4-arm64/Resources/library
randomForest	4.7.1.2	CRAN	4.4.1	yes	/Library/Frameworks/R.framework/Versions/4.4-arm64/Resources/library
rappdirs	0.3.4	CRAN	4.4.3	no	/Library/Frameworks/R.framework/Versions/4.4-arm64/Resources/library
rbibutils	2.4.1	CRAN	4.4.3	no	/Library/Frameworks/R.framework/Versions/4.4-arm64/Resources/library
rcmdcheck	1.4.0	CRAN	4.4.0	no	/Library/Frameworks/R.framework/Versions/4.4-arm64/Resources/library
RColorBrewer	1.1.3	CRAN	4.4.0	yes	/Library/Frameworks/R.framework/Versions/4.4-arm64/Resources/library
Rcpp	1.1.1	CRAN	4.4.3	no	/Library/Frameworks/R.framework/Versions/4.4-arm64/Resources/library
RcppArmadillo	15.2.4.1	CRAN	4.4.3	no	/Library/Frameworks/R.framework/Versions/4.4-arm64/Resources/library
RcppEigen	0.3.4.0.2	CRAN	4.4.1	no	/Library/Frameworks/R.framework/Versions/4.4-arm64/Resources/library
RcppTOML	0.2.3	CRAN	4.4.1	no	/Library/Frameworks/R.framework/Versions/4.4-arm64/Resources/library
RCurl	1.98.1.17	CRAN	4.4.1	no	/Library/Frameworks/R.framework/Versions/4.4-arm64/Resources/library
Rdpack	2.6.6	CRAN	4.4.3	no	/Library/Frameworks/R.framework/Versions/4.4-arm64/Resources/library
readr	2.2.0	CRAN	4.4.3	yes	/Library/Frameworks/R.framework/Versions/4.4-arm64/Resources/library
readxl	1.4.3	CRAN	4.4.0	yes	/Library/Frameworks/R.framework/Versions/4.4-arm64/Resources/library
reformulas	0.4.4	CRAN	4.4.3	yes	/Library/Frameworks/R.framework/Versions/4.4-arm64/Resources/library
regioneR	1.38.0	Bioconductor 3.20	4.4.1	no	/Library/Frameworks/R.framework/Versions/4.4-arm64/Resources/library
remaCor	0.0.20	CRAN	4.4.1	no	/Library/Frameworks/R.framework/Versions/4.4-arm64/Resources/library
rematch	2.0.0	CRAN	4.4.0	no	/Library/Frameworks/R.framework/Versions/4.4-arm64/Resources/library
rematch2	2.1.2	CRAN	4.4.0	no	/Library/Frameworks/R.framework/Versions/4.4-arm64/Resources/library
remotes	2.5.0	CRAN	4.4.0	yes	/Library/Frameworks/R.framework/Versions/4.4-arm64/Resources/library
renv	1.0.11	CRAN	4.4.1	yes	/Library/Frameworks/R.framework/Versions/4.4-arm64/Resources/library
reprex	2.1.1	CRAN	4.4.0	no	/Library/Frameworks/R.framework/Versions/4.4-arm64/Resources/library
reshape	0.8.10	CRAN	4.4.1	no	/Library/Frameworks/R.framework/Versions/4.4-arm64/Resources/library
reshape2	1.4.5	CRAN	4.4.1	yes	/Library/Frameworks/R.framework/Versions/4.4-arm64/Resources/library
restfulr	0.0.15	CRAN	4.4.0	no	/Library/Frameworks/R.framework/Versions/4.4-arm64/Resources/library
reticulate	1.43.0	CRAN	4.4.1	no	/Library/Frameworks/R.framework/Versions/4.4-arm64/Resources/library
rhdf5	2.48.0	Bioconductor	4.4.0	no	/Library/Frameworks/R.framework/Versions/4.4-arm64/Resources/library
rhdf5filters	1.16.0	Bioconductor	4.4.0	no	/Library/Frameworks/R.framework/Versions/4.4-arm64/Resources/library
Rhdf5lib	1.26.0	Bioconductor	4.4.0	no	/Library/Frameworks/R.framework/Versions/4.4-arm64/Resources/library
RhpcBLASctl	0.23.42	CRAN	4.4.0	no	/Library/Frameworks/R.framework/Versions/4.4-arm64/Resources/library
Rhtslib	3.0.0	Bioconductor	4.4.0	no	/Library/Frameworks/R.framework/Versions/4.4-arm64/Resources/library
rjson	0.2.23	CRAN	4.4.1	yes	/Library/Frameworks/R.framework/Versions/4.4-arm64/Resources/library
rlang	1.3.0	CRAN	4.4.1	yes	/Library/Frameworks/R.framework/Versions/4.4-arm64/Resources/library
rmarkdown	2.30	CRAN	4.4.1	yes	/Library/Frameworks/R.framework/Versions/4.4-arm64/Resources/library
Rmisc	1.5.1	CRAN	4.4.0	yes	/Library/Frameworks/R.framework/Versions/4.4-arm64/Resources/library
robustbase	0.99.4.1	CRAN	4.4.1	no	/Library/Frameworks/R.framework/Versions/4.4-arm64/Resources/library
roxygen2	8.0.0	CRAN	4.4.1	yes	/Library/Frameworks/R.framework/Versions/4.4-arm64/Resources/library
rpart	4.1.23	CRAN	4.4.1	no	/Library/Frameworks/R.framework/Versions/4.4-arm64/Resources/library
rprojroot	2.1.1	CRAN	4.4.1	no	/Library/Frameworks/R.framework/Versions/4.4-arm64/Resources/library
RProtoBufLib	2.16.0	Bioconductor	4.4.0	no	/Library/Frameworks/R.framework/Versions/4.4-arm64/Resources/library
Rsamtools	2.20.0	Bioconductor	4.4.0	no	/Library/Frameworks/R.framework/Versions/4.4-arm64/Resources/library
RSpectra	0.16.2	CRAN	4.4.0	no	/Library/Frameworks/R.framework/Versions/4.4-arm64/Resources/library
RSQLite	2.4.6	CRAN	4.4.3	no	/Library/Frameworks/R.framework/Versions/4.4-arm64/Resources/library
rstatix	0.7.3	CRAN	4.4.1	no	/Library/Frameworks/R.framework/Versions/4.4-arm64/Resources/library
rstudioapi	0.17.1	CRAN	4.4.1	no	/Library/Frameworks/R.framework/Versions/4.4-arm64/Resources/library
rsvd	1.0.5	CRAN	4.4.0	no	/Library/Frameworks/R.framework/Versions/4.4-arm64/Resources/library
rtracklayer	1.64.0	Bioconductor	4.4.0	no	/Library/Frameworks/R.framework/Versions/4.4-arm64/Resources/library
Rtsne	0.17	CRAN	4.4.0	yes	/Library/Frameworks/R.framework/Versions/4.4-arm64/Resources/library
rversions	2.1.2	CRAN	4.4.0	no	/Library/Frameworks/R.framework/Versions/4.4-arm64/Resources/library
rvest	1.0.4	CRAN	4.4.0	no	/Library/Frameworks/R.framework/Versions/4.4-arm64/Resources/library
s2	1.1.9	CRAN	4.4.1	no	/Library/Frameworks/R.framework/Versions/4.4-arm64/Resources/library
S4Arrays	1.6.0	Bioconductor 3.20	4.4.1	no	/Library/Frameworks/R.framework/Versions/4.4-arm64/Resources/library
S4Vectors	0.44.0	Bioconductor 3.20	4.4.1	no	/Library/Frameworks/R.framework/Versions/4.4-arm64/Resources/library
S7	0.2.1	CRAN	4.4.3	no	/Library/Frameworks/R.framework/Versions/4.4-arm64/Resources/library
sandwich	3.1.1	CRAN	4.4.1	no	/Library/Frameworks/R.framework/Versions/4.4-arm64/Resources/library
sass	0.4.10	CRAN	4.4.1	no	/Library/Frameworks/R.framework/Versions/4.4-arm64/Resources/library
scales	1.4.0	CRAN	4.4.1	yes	/Library/Frameworks/R.framework/Versions/4.4-arm64/Resources/library
scatterpie	0.2.4	CRAN	4.4.1	no	/Library/Frameworks/R.framework/Versions/4.4-arm64/Resources/library
selectr	0.4.2	CRAN	4.4.0	no	/Library/Frameworks/R.framework/Versions/4.4-arm64/Resources/library
sessioninfo	1.2.2	CRAN	4.4.0	no	/Library/Frameworks/R.framework/Versions/4.4-arm64/Resources/library
sf	1.0.21	CRAN	4.4.1	no	/Library/Frameworks/R.framework/Versions/4.4-arm64/Resources/library
shades	1.4.0	CRAN	4.4.0	no	/Library/Frameworks/R.framework/Versions/4.4-arm64/Resources/library
shadowtext	0.1.4	CRAN	4.4.0	no	/Library/Frameworks/R.framework/Versions/4.4-arm64/Resources/library
shape	1.4.6.1	CRAN	4.4.0	no	/Library/Frameworks/R.framework/Versions/4.4-arm64/Resources/library
shiny	1.9.1	CRAN	4.4.0	no	/Library/Frameworks/R.framework/Versions/4.4-arm64/Resources/library
sn	2.1.1	CRAN	4.4.0	no	/Library/Frameworks/R.framework/Versions/4.4-arm64/Resources/library
snow	0.4.4	CRAN	4.4.0	no	/Library/Frameworks/R.framework/Versions/4.4-arm64/Resources/library
SNPRelate	1.40.0	Bioconductor 3.20	4.4.1	yes	/Library/Frameworks/R.framework/Versions/4.4-arm64/Resources/library
sourcetools	0.1.7.1	CRAN	4.4.0	no	/Library/Frameworks/R.framework/Versions/4.4-arm64/Resources/library
SparseArray	1.6.2	Bioconductor 3.20	4.4.2	no	/Library/Frameworks/R.framework/Versions/4.4-arm64/Resources/library
SparseM	1.84.2	CRAN	4.4.0	no	/Library/Frameworks/R.framework/Versions/4.4-arm64/Resources/library
splines	4.4.1	base	4.4.1	no	/Library/Frameworks/R.framework/Versions/4.4-arm64/Resources/library
statmod	1.5.1	CRAN	4.4.1	no	/Library/Frameworks/R.framework/Versions/4.4-arm64/Resources/library
stats	4.4.1	base	4.4.1	yes	/Library/Frameworks/R.framework/Versions/4.4-arm64/Resources/library
stats4	4.4.1	base	4.4.1	no	/Library/Frameworks/R.framework/Versions/4.4-arm64/Resources/library
stringi	1.8.7	CRAN	4.4.1	yes	/Library/Frameworks/R.framework/Versions/4.4-arm64/Resources/library
stringr	1.6.0	CRAN	4.4.1	yes	/Library/Frameworks/R.framework/Versions/4.4-arm64/Resources/library
SummarizedExperiment	1.34.0	Bioconductor	4.4.0	no	/Library/Frameworks/R.framework/Versions/4.4-arm64/Resources/library
survival	3.6.4	CRAN	4.4.1	no	/Library/Frameworks/R.framework/Versions/4.4-arm64/Resources/library
sys	3.4.3	CRAN	4.4.1	no	/Library/Frameworks/R.framework/Versions/4.4-arm64/Resources/library
systemfonts	1.3.1	CRAN	4.4.1	no	/Library/Frameworks/R.framework/Versions/4.4-arm64/Resources/library
table.glue	0.0.5	CRAN	4.4.1	yes	/Library/Frameworks/R.framework/Versions/4.4-arm64/Resources/library
tcltk	4.4.1	base	4.4.1	no	/Library/Frameworks/R.framework/Versions/4.4-arm64/Resources/library
testthat	3.3.2	CRAN	4.4.3	yes	/Library/Frameworks/R.framework/Versions/4.4-arm64/Resources/library
textshaping	0.4.0	CRAN	4.4.0	no	/Library/Frameworks/R.framework/Versions/4.4-arm64/Resources/library
TFisher	0.2.0	CRAN	4.4.0	no	/Library/Frameworks/R.framework/Versions/4.4-arm64/Resources/library
TH.data	1.1.2	CRAN	4.4.0	no	/Library/Frameworks/R.framework/Versions/4.4-arm64/Resources/library
tibble	3.3.1	CRAN	4.4.3	yes	/Library/Frameworks/R.framework/Versions/4.4-arm64/Resources/library
tidygraph	1.3.1	CRAN	4.4.0	no	/Library/Frameworks/R.framework/Versions/4.4-arm64/Resources/library
tidyr	1.3.2	CRAN	4.4.3	yes	/Library/Frameworks/R.framework/Versions/4.4-arm64/Resources/library
tidyselect	1.2.1	CRAN	4.4.0	no	/Library/Frameworks/R.framework/Versions/4.4-arm64/Resources/library
tidytree	0.4.6	CRAN	4.4.0	no	/Library/Frameworks/R.framework/Versions/4.4-arm64/Resources/library
tidyverse	2.0.0	CRAN	4.4.0	yes	/Library/Frameworks/R.framework/Versions/4.4-arm64/Resources/library
timechange	0.4.0	CRAN	4.4.3	no	/Library/Frameworks/R.framework/Versions/4.4-arm64/Resources/library
timeDate	4052.112	CRAN	4.4.3	no	/Library/Frameworks/R.framework/Versions/4.4-arm64/Resources/library
tinytex	0.58	CRAN	4.4.3	no	/Library/Frameworks/R.framework/Versions/4.4-arm64/Resources/library
tkWidgets	1.82.0	Bioconductor	4.4.0	no	/Library/Frameworks/R.framework/Versions/4.4-arm64/Resources/library
TMSig	1.6.0	Bioconductor	4.4.1	yes	/Library/Frameworks/R.framework/Versions/4.4-arm64/Resources/library
tools	4.4.1	base	4.4.1	yes	/Library/Frameworks/R.framework/Versions/4.4-arm64/Resources/library
treeio	1.28.0	Bioconductor	4.4.0	no	/Library/Frameworks/R.framework/Versions/4.4-arm64/Resources/library
tweenr	2.0.3	CRAN	4.4.0	no	/Library/Frameworks/R.framework/Versions/4.4-arm64/Resources/library
TxDb.Hsapiens.UCSC.hg19.knownGene	3.2.2	Bioconductor 3.20	4.4.1	yes	/Library/Frameworks/R.framework/Versions/4.4-arm64/Resources/library
txdbmaker	1.2.1	Bioconductor 3.20	4.4.2	yes	/Library/Frameworks/R.framework/Versions/4.4-arm64/Resources/library
tzdb	0.5.0	CRAN	4.4.1	no	/Library/Frameworks/R.framework/Versions/4.4-arm64/Resources/library
ucminf	1.2.2	CRAN	4.4.0	no	/Library/Frameworks/R.framework/Versions/4.4-arm64/Resources/library
UCSC.utils	1.0.0	Bioconductor	4.4.0	no	/Library/Frameworks/R.framework/Versions/4.4-arm64/Resources/library
umap	0.2.10.0	CRAN	4.4.0	yes	/Library/Frameworks/R.framework/Versions/4.4-arm64/Resources/library
units	0.8.7	CRAN	4.4.1	no	/Library/Frameworks/R.framework/Versions/4.4-arm64/Resources/library
UpSetR	1.4.0	CRAN	4.4.0	yes	/Library/Frameworks/R.framework/Versions/4.4-arm64/Resources/library
urca	1.3.4	CRAN	4.4.0	no	/Library/Frameworks/R.framework/Versions/4.4-arm64/Resources/library
urlchecker	1.0.1	CRAN	4.4.0	no	/Library/Frameworks/R.framework/Versions/4.4-arm64/Resources/library
usethis	3.1.0	CRAN	4.4.1	yes	/Library/Frameworks/R.framework/Versions/4.4-arm64/Resources/library
utf8	1.2.6	CRAN	4.4.1	no	/Library/Frameworks/R.framework/Versions/4.4-arm64/Resources/library
utils	4.4.1	base	4.4.1	yes	/Library/Frameworks/R.framework/Versions/4.4-arm64/Resources/library
uuid	1.2.1	CRAN	4.4.0	no	/Library/Frameworks/R.framework/Versions/4.4-arm64/Resources/library
variancePartition	1.38.1	Bioconductor	4.4.1	yes	/Library/Frameworks/R.framework/Versions/4.4-arm64/Resources/library
vctrs	0.7.3	CRAN	4.4.1	no	/Library/Frameworks/R.framework/Versions/4.4-arm64/Resources/library
venn	1.12	CRAN	4.4.1	no	/Library/Frameworks/R.framework/Versions/4.4-arm64/Resources/library
VennDiagram	1.7.3	CRAN	4.4.0	yes	/Library/Frameworks/R.framework/Versions/4.4-arm64/Resources/library
vipor	0.4.7	CRAN	4.4.1	no	/Library/Frameworks/R.framework/Versions/4.4-arm64/Resources/library
viridis	0.6.5	CRAN	4.4.0	no	/Library/Frameworks/R.framework/Versions/4.4-arm64/Resources/library
viridisLite	0.4.3	CRAN	4.4.3	no	/Library/Frameworks/R.framework/Versions/4.4-arm64/Resources/library
visdat	0.6.0	CRAN	4.4.0	no	/Library/Frameworks/R.framework/Versions/4.4-arm64/Resources/library
visNetwork	2.1.2	CRAN	4.4.0	no	/Library/Frameworks/R.framework/Versions/4.4-arm64/Resources/library
vroom	1.7.0	CRAN	4.4.3	no	/Library/Frameworks/R.framework/Versions/4.4-arm64/Resources/library
waldo	0.6.2	CRAN	4.4.1	no	/Library/Frameworks/R.framework/Versions/4.4-arm64/Resources/library
WGCNA	1.73	CRAN	4.4.1	yes	/Library/Frameworks/R.framework/Versions/4.4-arm64/Resources/library
whisker	0.4.1	CRAN	4.4.0	no	/Library/Frameworks/R.framework/Versions/4.4-arm64/Resources/library
widgetTools	1.82.0	Bioconductor	4.4.0	no	/Library/Frameworks/R.framework/Versions/4.4-arm64/Resources/library
withr	3.0.3	CRAN	4.4.1	no	/Library/Frameworks/R.framework/Versions/4.4-arm64/Resources/library
wk	0.9.4	CRAN	4.4.1	no	/Library/Frameworks/R.framework/Versions/4.4-arm64/Resources/library
writexl	1.5.4	CRAN	4.4.1	yes	/Library/Frameworks/R.framework/Versions/4.4-arm64/Resources/library
xfun	0.57	CRAN	4.4.3	no	/Library/Frameworks/R.framework/Versions/4.4-arm64/Resources/library
XML	3.99.0.22	CRAN	4.4.3	no	/Library/Frameworks/R.framework/Versions/4.4-arm64/Resources/library
xml2	1.5.2	CRAN	4.4.3	no	/Library/Frameworks/R.framework/Versions/4.4-arm64/Resources/library
xopen	1.0.1	CRAN	4.4.0	no	/Library/Frameworks/R.framework/Versions/4.4-arm64/Resources/library
xtable	1.8.8	CRAN	4.4.3	no	/Library/Frameworks/R.framework/Versions/4.4-arm64/Resources/library
XVector	0.44.0	Bioconductor	4.4.0	no	/Library/Frameworks/R.framework/Versions/4.4-arm64/Resources/library
yaml	2.3.12	CRAN	4.4.3	no	/Library/Frameworks/R.framework/Versions/4.4-arm64/Resources/library
yulab.utils	0.2.0	CRAN	4.4.1	no	/Library/Frameworks/R.framework/Versions/4.4-arm64/Resources/library
zip	2.3.3	CRAN	4.4.1	no	/Library/Frameworks/R.framework/Versions/4.4-arm64/Resources/library
zlibbioc	1.50.0	Bioconductor	4.4.0	no	/Library/Frameworks/R.framework/Versions/4.4-arm64/Resources/library
zoo	1.8.15	CRAN	4.4.3	no	/Library/Frameworks/R.framework/Versions/4.4-arm64/Resources/library
