tissue	k	min_centroid_dist	max_centroid_cor	core_fraction	min_cluster_size	k_built
adipose	2	2.67550109236883	-0.989672188292769	1	10224	13
adipose	3	2.26761417740649	-0.255096037132939	1	6647	13
adipose	4	2.33095052190941	0.027156759124739	0.99128005010358	4964	13
adipose	5	2.16879932166187	0.624673772833671	0.956496603555427	3962	13
adipose	6	2.04918313953161	0.969055945870585	0.910150792503734	3367	13
adipose	7	2.03105979052196	0.976331793372907	0.854362383774149	2833	13
adipose	8	1.80757336581799	0.993704509963599	0.79134749722985	2467	13
adipose	9	1.7376926503894	0.996649375331171	0.734740087681264	2186	13
adipose	10	1.47747582017733	0.993884248108903	0.672977790624849	1924	13
adipose	11	1.60397371294519	0.98599534041135	0.62981162981163	1701	13
adipose	12	1.41425940136188	0.994524042241456	0.578455460808402	1596	13
adipose	13	1.3561443964041	0.997440359835002	0.547622488798959	1457	13
adipose	14	1.34347302700815	0.999075683942298	0.501999325528737	1324	13
adipose	15	1.36930586414117	0.998829030763812	0.460326636797225	1191	13
adipose	16	1.26077846103935	0.99082338249298	0.417449535096594	1127	13
adipose	17	1.01275284495402	0.987612357225437	0.385267620561738	1043	13
adipose	18	1.01533153976027	0.997980483257674	0.348219877631642	964	13
adipose	19	1.10712241551141	0.995792029071052	0.324131618249265	898	13
adipose	20	1.13263504816715	0.998912789143587	0.297441826853592	866	13
blood	2	4.88178165550637	-0.958737577707564	1	11397	12
blood	3	3.36192910542704	0.301905729255012	1	7533	12
blood	4	2.78466442929435	0.42752789782354	1	4620	12
blood	5	2.76887094769835	0.804625120890017	0.999306939270554	4179	12
blood	6	2.36025805742312	0.773094220546264	0.984666031360998	3513	12
blood	7	1.95515121245685	0.747665077947352	0.96868231828814	2995	12
blood	8	2.30234903018312	0.748988081231069	0.954517889630079	2559	12
blood	9	2.05396245097851	0.742855402496023	0.926795460452222	2250	12
blood	10	2.12395151676553	0.867349043292876	0.913237459932427	2000	12
blood	11	2.04419706533946	0.888732062143549	0.894784718010916	1803	12
blood	12	1.50403360605944	0.904191658936719	0.874556007970198	1707	12
blood	13	1.73581661281747	0.935241728705013	0.864376678506454	1463	12
blood	14	1.50714958947676	0.97799280478721	0.849129342458633	1423	12
blood	15	1.50000424284744	0.982936000949248	0.830156804990037	1266	12
blood	16	1.45211364298713	0.928149905979497	0.826258338386901	1218	12
blood	17	1.56252708620386	0.981479446407138	0.80026856103266	1174	12
blood	18	1.4827271797612	0.986569334910703	0.797496318114875	1091	12
blood	19	1.38675606505439	0.992700578546058	0.785194490167201	1044	12
blood	20	1.28776592566658	0.980459428475958	0.769817205232609	1003	12
muscle	2	3.10468004340464	-0.916578911647222	1	20556	12
muscle	3	2.25843995217763	0.329088872523138	1	12362	12
muscle	4	1.84365051625164	0.492457951032015	0.992818671454219	9764	12
muscle	5	1.83368951664389	0.610121208525875	0.957247157390784	7614	12
muscle	6	1.87694649461287	0.752084398120328	0.913345302214243	6486	12
muscle	7	1.90606103112578	0.726367892098418	0.866786355475763	5523	12
muscle	8	1.73356576998401	0.724442242191873	0.802058647516457	4397	12
muscle	9	1.73042856594437	0.862338911953726	0.733285457809695	4048	12
muscle	10	1.42266718229268	0.951572191057249	0.671406343506882	3789	12
muscle	11	1.64914496118544	0.964623785616959	0.620586475164572	3263	12
muscle	12	1.26187331853147	0.922186799872383	0.556002393776182	3034	12
muscle	13	1.35371796176527	0.976309399820277	0.518970676241771	2673	12
muscle	14	1.18675623558945	0.980563258540335	0.468174745661281	2811	12
muscle	15	1.25695049259909	0.996505253905945	0.427312986235787	2233	12
muscle	16	1.15319746972278	0.981615273376727	0.381520047875524	2208	12
muscle	17	1.06955995355655	0.979349450418062	0.354781567923399	2096	12
muscle	18	0.769794745733137	0.983541455757578	0.316696588868941	1934	12
muscle	19	0.719556546605047	0.997420702184886	0.288713345302214	1802	12
muscle	20	0.723308205476876	0.998460750955763	0.260371035308199	1717	12
