"key","stem","ext","version","tissue_code","ome","category","details","why_bumped","node"
"human-precovid-sed-adu_all_transcript-rna-seq_qc-report.html",NA,"html","1.2","all","transcript-rna-seq","qc-report",NA,"baseline version; last updated after one subject's BMI was updated",NA
"human-precovid-sed-adu_t02-plasma_metab-t-amines_da_dream-acute.txt","stem:09_build_da/generate_metab_da","txt","2.1","t02-plasma","metab-t-amines","da","dream-acute","manually calculating confidence intervals - labeled CI.L_calculated/CI.R_calculated","freeze:metab-t-amines|da|dream-acute"
"human-precovid-sed-adu_t02-plasma_metab-t-amines_metadata_features.txt","stem:06_generate_qc_norm/generate_metab_qc_norm","txt","2.0","t02-plasma","metab-t-amines","metadata","features","feature metadata patch to match the feature-to-gene mapping updates","freeze:metab-t-amines|metadata|features"
"human-precovid-sed-adu_t02-plasma_metab-t-amines_metadata_samples.txt","stem:06_generate_qc_norm/generate_metab_qc_norm","txt","1.3","t02-plasma","metab-t-amines","metadata","samples","changed following the metabolomics outlier detection update","freeze:metab-t-amines|metadata|samples"
"human-precovid-sed-adu_t02-plasma_metab-t-amines_qc-norm_log2.txt","stem:06_generate_qc_norm/generate_metab_qc_norm","txt","1.3","t02-plasma","metab-t-amines","qc-norm","log2","changed following the metabolomics outlier detection update","freeze:metab-t-amines|qc-norm|log2"
"human-precovid-sed-adu_t02-plasma_metab-t-clinical_da_dream-acute.txt","stem:09_build_da/generate_clinical_da","txt","2.1","t02-plasma","metab-t-clinical","da","dream-acute","manually calculating confidence intervals - labeled CI.L_calculated/CI.R_calculated","freeze:metab-t-clinical|da|dream-acute"
"human-precovid-sed-adu_t02-plasma_metab-t-clinical_metadata_features.txt","stem:06_generate_qc_norm/generate_clinical_qc_norm","txt","2.0","t02-plasma","metab-t-clinical","metadata","features","feature metadata patch to match the feature-to-gene mapping updates","freeze:metab-t-clinical|metadata|features"
"human-precovid-sed-adu_t02-plasma_metab-t-clinical_metadata_samples.txt","stem:06_generate_qc_norm/generate_clinical_qc_norm","txt","2.0","t02-plasma","metab-t-clinical","metadata","samples","clinical chemistry structure update","freeze:metab-t-clinical|metadata|samples"
"human-precovid-sed-adu_t02-plasma_metab-t-clinical_qc-norm_absolute.txt","stem:06_generate_qc_norm/generate_clinical_qc_norm","txt","2.0","t02-plasma","metab-t-clinical","qc-norm","absolute","regenerated after bug fixes to the matching process for qc-norm files","freeze:metab-t-clinical|qc-norm|absolute"
"human-precovid-sed-adu_t02-plasma_metab-t-conv_da_dream-acute.txt","stem:09_build_da/generate_metab_da","txt","2.1","t02-plasma","metab-t-conv","da","dream-acute","manually calculating confidence intervals - labeled CI.L_calculated/CI.R_calculated","freeze:metab-t-conv|da|dream-acute"
"human-precovid-sed-adu_t02-plasma_metab-t-conv_metadata_features.txt","stem:06_generate_qc_norm/generate_metab_qc_norm","txt","2.0","t02-plasma","metab-t-conv","metadata","features","feature metadata patch to match the feature-to-gene mapping updates","freeze:metab-t-conv|metadata|features"
"human-precovid-sed-adu_t02-plasma_metab-t-conv_metadata_samples.txt","stem:06_generate_qc_norm/generate_metab_qc_norm","txt","1.3","t02-plasma","metab-t-conv","metadata","samples","changed following the metabolomics outlier detection update","freeze:metab-t-conv|metadata|samples"
"human-precovid-sed-adu_t02-plasma_metab-t-conv_qc-norm_log2.txt","stem:06_generate_qc_norm/generate_metab_qc_norm","txt","1.3","t02-plasma","metab-t-conv","qc-norm","log2","changed following the metabolomics outlier detection update","freeze:metab-t-conv|qc-norm|log2"
"human-precovid-sed-adu_t02-plasma_metab-t-imm-crt_da_dream-acute.txt","stem:09_build_da/generate_metab_da","txt","2.1","t02-plasma","metab-t-imm-crt","da","dream-acute","manually calculating confidence intervals - labeled CI.L_calculated/CI.R_calculated","freeze:metab-t-imm-crt|da|dream-acute"
"human-precovid-sed-adu_t02-plasma_metab-t-imm-crt_metadata_features.txt","stem:06_generate_qc_norm/generate_metab_qc_norm","txt","2.0","t02-plasma","metab-t-imm-crt","metadata","features","feature metadata patch to match the feature-to-gene mapping updates","freeze:metab-t-imm-crt|metadata|features"
"human-precovid-sed-adu_t02-plasma_metab-t-imm-crt_metadata_samples.txt","stem:06_generate_qc_norm/generate_metab_qc_norm","txt","1.3","t02-plasma","metab-t-imm-crt","metadata","samples","changed following the metabolomics outlier detection update","freeze:metab-t-imm-crt|metadata|samples"
"human-precovid-sed-adu_t02-plasma_metab-t-imm-crt_qc-norm_log2.txt","stem:06_generate_qc_norm/generate_metab_qc_norm","txt","1.3","t02-plasma","metab-t-imm-crt","qc-norm","log2","changed following the metabolomics outlier detection update","freeze:metab-t-imm-crt|qc-norm|log2"
"human-precovid-sed-adu_t02-plasma_metab-t-oxylipneg_da_dream-acute.txt","stem:09_build_da/generate_metab_da","txt","2.1","t02-plasma","metab-t-oxylipneg","da","dream-acute","manually calculating confidence intervals - labeled CI.L_calculated/CI.R_calculated","freeze:metab-t-oxylipneg|da|dream-acute"
"human-precovid-sed-adu_t02-plasma_metab-t-oxylipneg_metadata_features.txt","stem:06_generate_qc_norm/generate_metab_qc_norm","txt","2.0","t02-plasma","metab-t-oxylipneg","metadata","features","feature metadata patch to match the feature-to-gene mapping updates","freeze:metab-t-oxylipneg|metadata|features"
"human-precovid-sed-adu_t02-plasma_metab-t-oxylipneg_metadata_removed-samples.txt","stem:06_generate_qc_norm/stage_removed_samples","txt","1.3","t02-plasma","metab-t-oxylipneg","metadata","removed-samples","changed following the metabolomics outlier detection update","freeze:metab-t-oxylipneg|metadata|removed-samples"
"human-precovid-sed-adu_t02-plasma_metab-t-oxylipneg_metadata_samples.txt","stem:06_generate_qc_norm/generate_metab_qc_norm","txt","1.3","t02-plasma","metab-t-oxylipneg","metadata","samples","changed following the metabolomics outlier detection update","freeze:metab-t-oxylipneg|metadata|samples"
"human-precovid-sed-adu_t02-plasma_metab-t-oxylipneg_qc-norm_log2.txt","stem:06_generate_qc_norm/generate_metab_qc_norm","txt","1.3","t02-plasma","metab-t-oxylipneg","qc-norm","log2","changed following the metabolomics outlier detection update","freeze:metab-t-oxylipneg|qc-norm|log2"
"human-precovid-sed-adu_t02-plasma_metab-t-tca_da_dream-acute.txt","stem:09_build_da/generate_metab_da","txt","2.1","t02-plasma","metab-t-tca","da","dream-acute","manually calculating confidence intervals - labeled CI.L_calculated/CI.R_calculated","freeze:metab-t-tca|da|dream-acute"
"human-precovid-sed-adu_t02-plasma_metab-t-tca_metadata_features.txt","stem:06_generate_qc_norm/generate_metab_qc_norm","txt","2.0","t02-plasma","metab-t-tca","metadata","features","feature metadata patch to match the feature-to-gene mapping updates","freeze:metab-t-tca|metadata|features"
"human-precovid-sed-adu_t02-plasma_metab-t-tca_metadata_samples.txt","stem:06_generate_qc_norm/generate_metab_qc_norm","txt","1.3","t02-plasma","metab-t-tca","metadata","samples","changed following the metabolomics outlier detection update","freeze:metab-t-tca|metadata|samples"
"human-precovid-sed-adu_t02-plasma_metab-t-tca_qc-norm_log2.txt","stem:06_generate_qc_norm/generate_metab_qc_norm","txt","1.3","t02-plasma","metab-t-tca","qc-norm","log2","changed following the metabolomics outlier detection update","freeze:metab-t-tca|qc-norm|log2"
"human-precovid-sed-adu_t02-plasma_metab-u-hilicpos_da_dream-acute.txt","stem:09_build_da/generate_metab_da","txt","2.1","t02-plasma","metab-u-hilicpos","da","dream-acute","manually calculating confidence intervals - labeled CI.L_calculated/CI.R_calculated","freeze:metab-u-hilicpos|da|dream-acute"
"human-precovid-sed-adu_t02-plasma_metab-u-hilicpos_metadata_features.txt","stem:06_generate_qc_norm/generate_metab_qc_norm","txt","2.0","t02-plasma","metab-u-hilicpos","metadata","features","feature metadata patch to match the feature-to-gene mapping updates","freeze:metab-u-hilicpos|metadata|features"
"human-precovid-sed-adu_t02-plasma_metab-u-hilicpos_metadata_samples.txt","stem:06_generate_qc_norm/generate_metab_qc_norm","txt","1.3","t02-plasma","metab-u-hilicpos","metadata","samples","changed following the metabolomics outlier detection update","freeze:metab-u-hilicpos|metadata|samples"
"human-precovid-sed-adu_t02-plasma_metab-u-hilicpos_qc-norm_log2.txt","stem:06_generate_qc_norm/generate_metab_qc_norm","txt","1.3","t02-plasma","metab-u-hilicpos","qc-norm","log2","changed following the metabolomics outlier detection update","freeze:metab-u-hilicpos|qc-norm|log2"
"human-precovid-sed-adu_t02-plasma_metab-u-ionpneg_da_dream-acute.txt","stem:09_build_da/generate_metab_da","txt","2.1","t02-plasma","metab-u-ionpneg","da","dream-acute","manually calculating confidence intervals - labeled CI.L_calculated/CI.R_calculated","freeze:metab-u-ionpneg|da|dream-acute"
"human-precovid-sed-adu_t02-plasma_metab-u-ionpneg_metadata_features.txt","stem:06_generate_qc_norm/generate_metab_qc_norm","txt","2.0","t02-plasma","metab-u-ionpneg","metadata","features","feature metadata patch to match the feature-to-gene mapping updates","freeze:metab-u-ionpneg|metadata|features"
"human-precovid-sed-adu_t02-plasma_metab-u-ionpneg_metadata_samples.txt","stem:06_generate_qc_norm/generate_metab_qc_norm","txt","1.3","t02-plasma","metab-u-ionpneg","metadata","samples","changed following the metabolomics outlier detection update","freeze:metab-u-ionpneg|metadata|samples"
"human-precovid-sed-adu_t02-plasma_metab-u-ionpneg_qc-norm_log2.txt","stem:06_generate_qc_norm/generate_metab_qc_norm","txt","1.3","t02-plasma","metab-u-ionpneg","qc-norm","log2","changed following the metabolomics outlier detection update","freeze:metab-u-ionpneg|qc-norm|log2"
"human-precovid-sed-adu_t02-plasma_metab-u-lrpneg_da_dream-acute.txt","stem:09_build_da/generate_metab_da","txt","2.1","t02-plasma","metab-u-lrpneg","da","dream-acute","manually calculating confidence intervals - labeled CI.L_calculated/CI.R_calculated","freeze:metab-u-lrpneg|da|dream-acute"
"human-precovid-sed-adu_t02-plasma_metab-u-lrpneg_metadata_features.txt","stem:06_generate_qc_norm/generate_metab_qc_norm","txt","2.0","t02-plasma","metab-u-lrpneg","metadata","features","feature metadata patch to match the feature-to-gene mapping updates","freeze:metab-u-lrpneg|metadata|features"
"human-precovid-sed-adu_t02-plasma_metab-u-lrpneg_metadata_samples.txt","stem:06_generate_qc_norm/generate_metab_qc_norm","txt","1.3","t02-plasma","metab-u-lrpneg","metadata","samples","changed following the metabolomics outlier detection update","freeze:metab-u-lrpneg|metadata|samples"
"human-precovid-sed-adu_t02-plasma_metab-u-lrpneg_qc-norm_log2.txt","stem:06_generate_qc_norm/generate_metab_qc_norm","txt","1.3","t02-plasma","metab-u-lrpneg","qc-norm","log2","changed following the metabolomics outlier detection update","freeze:metab-u-lrpneg|qc-norm|log2"
"human-precovid-sed-adu_t02-plasma_metab-u-lrppos_da_dream-acute.txt","stem:09_build_da/generate_metab_da","txt","2.1","t02-plasma","metab-u-lrppos","da","dream-acute","manually calculating confidence intervals - labeled CI.L_calculated/CI.R_calculated","freeze:metab-u-lrppos|da|dream-acute"
"human-precovid-sed-adu_t02-plasma_metab-u-lrppos_metadata_features.txt","stem:06_generate_qc_norm/generate_metab_qc_norm","txt","2.0","t02-plasma","metab-u-lrppos","metadata","features","feature metadata patch to match the feature-to-gene mapping updates","freeze:metab-u-lrppos|metadata|features"
"human-precovid-sed-adu_t02-plasma_metab-u-lrppos_metadata_samples.txt","stem:06_generate_qc_norm/generate_metab_qc_norm","txt","1.3","t02-plasma","metab-u-lrppos","metadata","samples","changed following the metabolomics outlier detection update","freeze:metab-u-lrppos|metadata|samples"
"human-precovid-sed-adu_t02-plasma_metab-u-lrppos_qc-norm_log2.txt","stem:06_generate_qc_norm/generate_metab_qc_norm","txt","1.3","t02-plasma","metab-u-lrppos","qc-norm","log2","changed following the metabolomics outlier detection update","freeze:metab-u-lrppos|qc-norm|log2"
"human-precovid-sed-adu_t02-plasma_metab-u-rpneg_da_dream-acute.txt","stem:09_build_da/generate_metab_da","txt","2.1","t02-plasma","metab-u-rpneg","da","dream-acute","manually calculating confidence intervals - labeled CI.L_calculated/CI.R_calculated","freeze:metab-u-rpneg|da|dream-acute"
"human-precovid-sed-adu_t02-plasma_metab-u-rpneg_metadata_features.txt","stem:06_generate_qc_norm/generate_metab_qc_norm","txt","2.0","t02-plasma","metab-u-rpneg","metadata","features","feature metadata patch to match the feature-to-gene mapping updates","freeze:metab-u-rpneg|metadata|features"
"human-precovid-sed-adu_t02-plasma_metab-u-rpneg_metadata_removed-samples.txt","stem:06_generate_qc_norm/stage_removed_samples","txt","1.3","t02-plasma","metab-u-rpneg","metadata","removed-samples","changed following the metabolomics outlier detection update","freeze:metab-u-rpneg|metadata|removed-samples"
"human-precovid-sed-adu_t02-plasma_metab-u-rpneg_metadata_samples.txt","stem:06_generate_qc_norm/generate_metab_qc_norm","txt","1.3","t02-plasma","metab-u-rpneg","metadata","samples","changed following the metabolomics outlier detection update","freeze:metab-u-rpneg|metadata|samples"
"human-precovid-sed-adu_t02-plasma_metab-u-rpneg_qc-norm_log2.txt","stem:06_generate_qc_norm/generate_metab_qc_norm","txt","1.3","t02-plasma","metab-u-rpneg","qc-norm","log2","changed following the metabolomics outlier detection update","freeze:metab-u-rpneg|qc-norm|log2"
"human-precovid-sed-adu_t02-plasma_metab-u-rppos_da_dream-acute.txt","stem:09_build_da/generate_metab_da","txt","2.1","t02-plasma","metab-u-rppos","da","dream-acute","manually calculating confidence intervals - labeled CI.L_calculated/CI.R_calculated","freeze:metab-u-rppos|da|dream-acute"
"human-precovid-sed-adu_t02-plasma_metab-u-rppos_metadata_features.txt","stem:06_generate_qc_norm/generate_metab_qc_norm","txt","2.0","t02-plasma","metab-u-rppos","metadata","features","feature metadata patch to match the feature-to-gene mapping updates","freeze:metab-u-rppos|metadata|features"
"human-precovid-sed-adu_t02-plasma_metab-u-rppos_metadata_removed-samples.txt","stem:06_generate_qc_norm/stage_removed_samples","txt","1.3","t02-plasma","metab-u-rppos","metadata","removed-samples","changed following the metabolomics outlier detection update","freeze:metab-u-rppos|metadata|removed-samples"
"human-precovid-sed-adu_t02-plasma_metab-u-rppos_metadata_samples.txt","stem:06_generate_qc_norm/generate_metab_qc_norm","txt","1.3","t02-plasma","metab-u-rppos","metadata","samples","changed following the metabolomics outlier detection update","freeze:metab-u-rppos|metadata|samples"
"human-precovid-sed-adu_t02-plasma_metab-u-rppos_qc-norm_log2.txt","stem:06_generate_qc_norm/generate_metab_qc_norm","txt","1.3","t02-plasma","metab-u-rppos","qc-norm","log2","changed following the metabolomics outlier detection update","freeze:metab-u-rppos|qc-norm|log2"
"human-precovid-sed-adu_t02-plasma_prot-clinical_da_dream-acute.txt","stem:09_build_da/generate_clinical_da","txt","2.1","t02-plasma","prot-clinical","da","dream-acute","manually calculating confidence intervals - labeled CI.L_calculated/CI.R_calculated","freeze:prot-clinical|da|dream-acute"
"human-precovid-sed-adu_t02-plasma_prot-clinical_metadata_features.txt","stem:06_generate_qc_norm/generate_clinical_qc_norm","txt","2.0","t02-plasma","prot-clinical","metadata","features","feature metadata patch to match the feature-to-gene mapping updates","freeze:prot-clinical|metadata|features"
"human-precovid-sed-adu_t02-plasma_prot-clinical_metadata_samples.txt","stem:06_generate_qc_norm/generate_clinical_qc_norm","txt","2.0","t02-plasma","prot-clinical","metadata","samples","clinical chemistry structure update","freeze:prot-clinical|metadata|samples"
"human-precovid-sed-adu_t02-plasma_prot-clinical_qc-norm_absolute.txt","stem:06_generate_qc_norm/generate_clinical_qc_norm","txt","2.0","t02-plasma","prot-clinical","qc-norm","absolute","regenerated after bug fixes to the matching process for qc-norm files","freeze:prot-clinical|qc-norm|absolute"
"human-precovid-sed-adu_t02-plasma_prot-ol_da_dream-acute.txt","stem:09_build_da/generate_prot_ol_da","txt","2.1","t02-plasma","prot-ol","da","dream-acute","manually calculating confidence intervals - labeled CI.L_calculated/CI.R_calculated","freeze:prot-ol|da|dream-acute"
"human-precovid-sed-adu_t02-plasma_prot-ol_metadata_features.txt","stem:06_generate_qc_norm/generate_prot_ol_qc_norm","txt","2.0","t02-plasma","prot-ol","metadata","features","feature metadata patch to match the feature-to-gene mapping updates","freeze:prot-ol|metadata|features"
"human-precovid-sed-adu_t02-plasma_prot-ol_metadata_removed-samples.txt","stem:06_generate_qc_norm/stage_removed_samples","txt","1.2","t02-plasma","prot-ol","metadata","removed-samples","baseline version; last updated after one subject's BMI was updated","freeze:prot-ol|metadata|removed-samples"
"human-precovid-sed-adu_t02-plasma_prot-ol_metadata_samples.txt","stem:06_generate_qc_norm/generate_prot_ol_qc_norm","txt","1.2","t02-plasma","prot-ol","metadata","samples","baseline version; last updated after one subject's BMI was updated","freeze:prot-ol|metadata|samples"
"human-precovid-sed-adu_t02-plasma_prot-ol_qc-norm_log2.txt","stem:06_generate_qc_norm/generate_prot_ol_qc_norm","txt","2.0","t02-plasma","prot-ol","qc-norm","log2","regenerated after bug fixes to the matching process for qc-norm files","freeze:prot-ol|qc-norm|log2"
"human-precovid-sed-adu_t03-edta_epigen-methylcap-seq_da_malax-glmm-acute.txt","stem:09_build_da/generate_methylcap_da","txt","1.2","t03-edta","epigen-methylcap-seq","da","malax-glmm-acute","baseline version; last updated after one subject's BMI was updated","freeze:epigen-methylcap-seq|da|malax-glmm-acute"
"human-precovid-sed-adu_t03-edta_epigen-methylcap-seq_metadata_features.txt","stem:06_generate_qc_norm/generate_methylcap_qc_norm","txt","2.0","t03-edta","epigen-methylcap-seq","metadata","features","feature metadata patch to match the feature-to-gene mapping updates","freeze:epigen-methylcap-seq|metadata|features"
"human-precovid-sed-adu_t03-edta_epigen-methylcap-seq_metadata_removed-samples.txt","stem:06_generate_qc_norm/stage_removed_samples","txt","2.0","t03-edta","epigen-methylcap-seq","metadata","removed-samples","participant identifier, demographic and study-design columns removed","freeze:epigen-methylcap-seq|metadata|removed-samples"
"human-precovid-sed-adu_t03-edta_epigen-methylcap-seq_metadata_samples.txt","stem:06_generate_qc_norm/generate_methylcap_qc_norm","txt","2.0","t03-edta","epigen-methylcap-seq","metadata","samples","making consistent metadata structure","freeze:epigen-methylcap-seq|metadata|samples"
"human-precovid-sed-adu_t03-edta_epigen-methylcap-seq_qc-norm_beta-values.txt","stem:06_generate_qc_norm/generate_methylcap_qc_norm","txt","1.2","t03-edta","epigen-methylcap-seq","qc-norm","beta-values","baseline version; last updated after one subject's BMI was updated","freeze:epigen-methylcap-seq|qc-norm|beta-values"
"human-precovid-sed-adu_t04-blood-rna_transcript-rna-seq_da_dream-acute.txt","stem:09_build_da/generate_transcriptomics_da","txt","2.1","t04-blood-rna","transcript-rna-seq","da","dream-acute","manually calculating confidence intervals - labeled CI.L_calculated/CI.R_calculated","freeze:transcript-rna-seq|da|dream-acute"
"human-precovid-sed-adu_t04-blood-rna_transcript-rna-seq_metadata_features.txt","stem:06_generate_qc_norm/generate_transcriptomics_qc_norm","txt","2.0","t04-blood-rna","transcript-rna-seq","metadata","features","feature metadata patch to match the feature-to-gene mapping updates","freeze:transcript-rna-seq|metadata|features"
"human-precovid-sed-adu_t04-blood-rna_transcript-rna-seq_metadata_removed-samples.txt","stem:06_generate_qc_norm/stage_removed_samples","txt","2.0","t04-blood-rna","transcript-rna-seq","metadata","removed-samples","sample mislabel checks","freeze:transcript-rna-seq|metadata|removed-samples"
"human-precovid-sed-adu_t04-blood-rna_transcript-rna-seq_metadata_samples.txt","stem:06_generate_qc_norm/generate_transcriptomics_qc_norm","txt","1.2","t04-blood-rna","transcript-rna-seq","metadata","samples","baseline version; last updated after one subject's BMI was updated","freeze:transcript-rna-seq|metadata|samples"
"human-precovid-sed-adu_t04-blood-rna_transcript-rna-seq_qc-norm_log-cpm.txt","stem:06_generate_qc_norm/generate_transcriptomics_qc_norm","txt","2.0","t04-blood-rna","transcript-rna-seq","qc-norm","log-cpm","regenerated after bug fixes to the matching process for qc-norm files","freeze:transcript-rna-seq|qc-norm|log-cpm"
"human-precovid-sed-adu_t05-human-pbmc_epigen-atac-seq_qc-report.html",NA,"html","1.2","t05-human-pbmc","epigen-atac-seq","qc-report",NA,"baseline version; last updated after one subject's BMI was updated",NA
"human-precovid-sed-adu_t05-pbmc_epigen-atac-seq_da_dream-acute.txt","stem:09_build_da/generate_atac_da","txt","2.1","t05-pbmc","epigen-atac-seq","da","dream-acute","manually calculating confidence intervals - labeled CI.L_calculated/CI.R_calculated","freeze:epigen-atac-seq|da|dream-acute"
"human-precovid-sed-adu_t05-pbmc_epigen-atac-seq_metadata_features.txt","stem:06_generate_qc_norm/generate_atac_qc_norm","txt","2.0","t05-pbmc","epigen-atac-seq","metadata","features","feature metadata patch to match the feature-to-gene mapping updates","freeze:epigen-atac-seq|metadata|features"
"human-precovid-sed-adu_t05-pbmc_epigen-atac-seq_metadata_removed-samples.txt","stem:06_generate_qc_norm/stage_removed_samples","txt","2.0","t05-pbmc","epigen-atac-seq","metadata","removed-samples","sample mislabel checks","freeze:epigen-atac-seq|metadata|removed-samples"
"human-precovid-sed-adu_t05-pbmc_epigen-atac-seq_metadata_samples.txt","stem:06_generate_qc_norm/generate_atac_qc_norm","txt","2.0","t05-pbmc","epigen-atac-seq","metadata","samples","sample mislabel checks","freeze:epigen-atac-seq|metadata|samples"
"human-precovid-sed-adu_t05-pbmc_epigen-atac-seq_qc-norm_log-cpm.txt","stem:06_generate_qc_norm/generate_atac_qc_norm","txt","2.0","t05-pbmc","epigen-atac-seq","qc-norm","log-cpm","regenerated after bug fixes to the matching process for qc-norm files","freeze:epigen-atac-seq|qc-norm|log-cpm"
"human-precovid-sed-adu_t06-human-muscle_epigen-atac-seq_qc-report.html",NA,"html","1.2","t06-human-muscle","epigen-atac-seq","qc-report",NA,"baseline version; last updated after one subject's BMI was updated",NA
"human-precovid-sed-adu_t06-muscle_epigen-atac-seq_da_dream-acute.txt","stem:09_build_da/generate_atac_da","txt","2.1","t06-muscle","epigen-atac-seq","da","dream-acute","manually calculating confidence intervals - labeled CI.L_calculated/CI.R_calculated","freeze:epigen-atac-seq|da|dream-acute"
"human-precovid-sed-adu_t06-muscle_epigen-atac-seq_metadata_features.txt","stem:06_generate_qc_norm/generate_atac_qc_norm","txt","2.0","t06-muscle","epigen-atac-seq","metadata","features","feature metadata patch to match the feature-to-gene mapping updates","freeze:epigen-atac-seq|metadata|features"
"human-precovid-sed-adu_t06-muscle_epigen-atac-seq_metadata_removed-samples.txt","stem:06_generate_qc_norm/stage_removed_samples","txt","2.0","t06-muscle","epigen-atac-seq","metadata","removed-samples","sample mislabel checks","freeze:epigen-atac-seq|metadata|removed-samples"
"human-precovid-sed-adu_t06-muscle_epigen-atac-seq_metadata_samples.txt","stem:06_generate_qc_norm/generate_atac_qc_norm","txt","2.0","t06-muscle","epigen-atac-seq","metadata","samples","sample mislabel checks","freeze:epigen-atac-seq|metadata|samples"
"human-precovid-sed-adu_t06-muscle_epigen-atac-seq_qc-norm_log-cpm.txt","stem:06_generate_qc_norm/generate_atac_qc_norm","txt","2.0","t06-muscle","epigen-atac-seq","qc-norm","log-cpm","regenerated after bug fixes to the matching process for qc-norm files","freeze:epigen-atac-seq|qc-norm|log-cpm"
"human-precovid-sed-adu_t06-muscle_epigen-methylcap-seq_da_malax-glmm-acute.txt","stem:09_build_da/generate_methylcap_da","txt","1.2","t06-muscle","epigen-methylcap-seq","da","malax-glmm-acute","baseline version; last updated after one subject's BMI was updated","freeze:epigen-methylcap-seq|da|malax-glmm-acute"
"human-precovid-sed-adu_t06-muscle_epigen-methylcap-seq_metadata_features.txt","stem:06_generate_qc_norm/generate_methylcap_qc_norm","txt","2.0","t06-muscle","epigen-methylcap-seq","metadata","features","feature metadata patch to match the feature-to-gene mapping updates","freeze:epigen-methylcap-seq|metadata|features"
"human-precovid-sed-adu_t06-muscle_epigen-methylcap-seq_metadata_samples.txt","stem:06_generate_qc_norm/generate_methylcap_qc_norm","txt","2.0","t06-muscle","epigen-methylcap-seq","metadata","samples","making consistent metadata structure","freeze:epigen-methylcap-seq|metadata|samples"
"human-precovid-sed-adu_t06-muscle_epigen-methylcap-seq_qc-norm_beta-values.txt","stem:06_generate_qc_norm/generate_methylcap_qc_norm","txt","1.2","t06-muscle","epigen-methylcap-seq","qc-norm","beta-values","baseline version; last updated after one subject's BMI was updated","freeze:epigen-methylcap-seq|qc-norm|beta-values"
"human-precovid-sed-adu_t06-muscle_metab-u-hilicpos_da_dream-acute.txt","stem:09_build_da/generate_metab_da","txt","2.1","t06-muscle","metab-u-hilicpos","da","dream-acute","manually calculating confidence intervals - labeled CI.L_calculated/CI.R_calculated","freeze:metab-u-hilicpos|da|dream-acute"
"human-precovid-sed-adu_t06-muscle_metab-u-hilicpos_metadata_features.txt","stem:06_generate_qc_norm/generate_metab_qc_norm","txt","2.0","t06-muscle","metab-u-hilicpos","metadata","features","feature metadata patch to match the feature-to-gene mapping updates","freeze:metab-u-hilicpos|metadata|features"
"human-precovid-sed-adu_t06-muscle_metab-u-hilicpos_metadata_removed-samples.txt","stem:06_generate_qc_norm/stage_removed_samples","txt","1.3","t06-muscle","metab-u-hilicpos","metadata","removed-samples","changed following the metabolomics outlier detection update","freeze:metab-u-hilicpos|metadata|removed-samples"
"human-precovid-sed-adu_t06-muscle_metab-u-hilicpos_metadata_samples.txt","stem:06_generate_qc_norm/generate_metab_qc_norm","txt","1.3","t06-muscle","metab-u-hilicpos","metadata","samples","changed following the metabolomics outlier detection update","freeze:metab-u-hilicpos|metadata|samples"
"human-precovid-sed-adu_t06-muscle_metab-u-hilicpos_qc-norm_log2.txt","stem:06_generate_qc_norm/generate_metab_qc_norm","txt","1.3","t06-muscle","metab-u-hilicpos","qc-norm","log2","changed following the metabolomics outlier detection update","freeze:metab-u-hilicpos|qc-norm|log2"
"human-precovid-sed-adu_t06-muscle_metab-u-ionpneg_da_dream-acute.txt","stem:09_build_da/generate_metab_da","txt","2.1","t06-muscle","metab-u-ionpneg","da","dream-acute","manually calculating confidence intervals - labeled CI.L_calculated/CI.R_calculated","freeze:metab-u-ionpneg|da|dream-acute"
"human-precovid-sed-adu_t06-muscle_metab-u-ionpneg_metadata_features.txt","stem:06_generate_qc_norm/generate_metab_qc_norm","txt","2.0","t06-muscle","metab-u-ionpneg","metadata","features","feature metadata patch to match the feature-to-gene mapping updates","freeze:metab-u-ionpneg|metadata|features"
"human-precovid-sed-adu_t06-muscle_metab-u-ionpneg_metadata_samples.txt","stem:06_generate_qc_norm/generate_metab_qc_norm","txt","1.3","t06-muscle","metab-u-ionpneg","metadata","samples","changed following the metabolomics outlier detection update","freeze:metab-u-ionpneg|metadata|samples"
"human-precovid-sed-adu_t06-muscle_metab-u-ionpneg_qc-norm_log2.txt","stem:06_generate_qc_norm/generate_metab_qc_norm","txt","1.3","t06-muscle","metab-u-ionpneg","qc-norm","log2","changed following the metabolomics outlier detection update","freeze:metab-u-ionpneg|qc-norm|log2"
"human-precovid-sed-adu_t06-muscle_metab-u-rpneg_da_dream-acute.txt","stem:09_build_da/generate_metab_da","txt","2.1","t06-muscle","metab-u-rpneg","da","dream-acute","manually calculating confidence intervals - labeled CI.L_calculated/CI.R_calculated","freeze:metab-u-rpneg|da|dream-acute"
"human-precovid-sed-adu_t06-muscle_metab-u-rpneg_metadata_features.txt","stem:06_generate_qc_norm/generate_metab_qc_norm","txt","2.0","t06-muscle","metab-u-rpneg","metadata","features","feature metadata patch to match the feature-to-gene mapping updates","freeze:metab-u-rpneg|metadata|features"
"human-precovid-sed-adu_t06-muscle_metab-u-rpneg_metadata_samples.txt","stem:06_generate_qc_norm/generate_metab_qc_norm","txt","1.3","t06-muscle","metab-u-rpneg","metadata","samples","changed following the metabolomics outlier detection update","freeze:metab-u-rpneg|metadata|samples"
"human-precovid-sed-adu_t06-muscle_metab-u-rpneg_qc-norm_log2.txt","stem:06_generate_qc_norm/generate_metab_qc_norm","txt","1.3","t06-muscle","metab-u-rpneg","qc-norm","log2","changed following the metabolomics outlier detection update","freeze:metab-u-rpneg|qc-norm|log2"
"human-precovid-sed-adu_t06-muscle_metab-u-rppos_da_dream-acute.txt","stem:09_build_da/generate_metab_da","txt","2.1","t06-muscle","metab-u-rppos","da","dream-acute","manually calculating confidence intervals - labeled CI.L_calculated/CI.R_calculated","freeze:metab-u-rppos|da|dream-acute"
"human-precovid-sed-adu_t06-muscle_metab-u-rppos_metadata_features.txt","stem:06_generate_qc_norm/generate_metab_qc_norm","txt","2.0","t06-muscle","metab-u-rppos","metadata","features","feature metadata patch to match the feature-to-gene mapping updates","freeze:metab-u-rppos|metadata|features"
"human-precovid-sed-adu_t06-muscle_metab-u-rppos_metadata_samples.txt","stem:06_generate_qc_norm/generate_metab_qc_norm","txt","1.3","t06-muscle","metab-u-rppos","metadata","samples","changed following the metabolomics outlier detection update","freeze:metab-u-rppos|metadata|samples"
"human-precovid-sed-adu_t06-muscle_metab-u-rppos_qc-norm_log2.txt","stem:06_generate_qc_norm/generate_metab_qc_norm","txt","1.3","t06-muscle","metab-u-rppos","qc-norm","log2","changed following the metabolomics outlier detection update","freeze:metab-u-rppos|qc-norm|log2"
"human-precovid-sed-adu_t06-muscle_transcript-rna-seq_da_dream-acute.txt","stem:09_build_da/generate_transcriptomics_da","txt","2.1","t06-muscle","transcript-rna-seq","da","dream-acute","manually calculating confidence intervals - labeled CI.L_calculated/CI.R_calculated","freeze:transcript-rna-seq|da|dream-acute"
"human-precovid-sed-adu_t06-muscle_transcript-rna-seq_metadata_features.txt","stem:06_generate_qc_norm/generate_transcriptomics_qc_norm","txt","2.0","t06-muscle","transcript-rna-seq","metadata","features","feature metadata patch to match the feature-to-gene mapping updates","freeze:transcript-rna-seq|metadata|features"
"human-precovid-sed-adu_t06-muscle_transcript-rna-seq_metadata_removed-samples.txt","stem:06_generate_qc_norm/stage_removed_samples","txt","1.2","t06-muscle","transcript-rna-seq","metadata","removed-samples","baseline version; last updated after one subject's BMI was updated","freeze:transcript-rna-seq|metadata|removed-samples"
"human-precovid-sed-adu_t06-muscle_transcript-rna-seq_metadata_samples.txt","stem:06_generate_qc_norm/generate_transcriptomics_qc_norm","txt","2.0","t06-muscle","transcript-rna-seq","metadata","samples","adding one missing sample metadata","freeze:transcript-rna-seq|metadata|samples"
"human-precovid-sed-adu_t06-muscle_transcript-rna-seq_qc-norm_log-cpm.txt","stem:06_generate_qc_norm/generate_transcriptomics_qc_norm","txt","2.0","t06-muscle","transcript-rna-seq","qc-norm","log-cpm","regenerated after bug fixes to the matching process for qc-norm files","freeze:transcript-rna-seq|qc-norm|log-cpm"
"human-precovid-sed-adu_t07-adipose_prot-ph_da_dream-acute.txt","stem:09_build_da/generate_prot_ph_da","txt","2.1","t07-adipose","prot-ph","da","dream-acute","manually calculating confidence intervals - labeled CI.L_calculated/CI.R_calculated","freeze:prot-ph|da|dream-acute"
"human-precovid-sed-adu_t07-adipose_prot-ph_imputed_log2-mn.txt","stem:06_generate_qc_norm/generate_prot_ph_imputed","txt","1.2","t07-adipose","prot-ph","imputed","log2-mn","baseline version; last updated after one subject's BMI was updated","freeze:prot-ph|imputed|log2-mn"
"human-precovid-sed-adu_t07-adipose_prot-ph_metadata_features.txt","stem:06_generate_qc_norm/generate_prot_ph_qc_norm","txt","2.1","t07-adipose","prot-ph","metadata","features","gained confident_score, ptm_score and redundant_ids, which .annotate_prot_ph()'s select() dropped; all three are per tissue, so they stop here and at *_PROT_PH_QC and are not carried into the feature-to-gene map","freeze:prot-ph|metadata|features"
"human-precovid-sed-adu_t07-adipose_prot-ph_metadata_qc-report.html",NA,"html","1.2","t07-adipose","prot-ph","metadata","qc-report","baseline version; last updated after one subject's BMI was updated",NA
"human-precovid-sed-adu_t07-adipose_prot-ph_metadata_removed-samples.txt","stem:06_generate_qc_norm/stage_removed_samples","txt","1.2","t07-adipose","prot-ph","metadata","removed-samples","baseline version; last updated after one subject's BMI was updated","freeze:prot-ph|metadata|removed-samples"
"human-precovid-sed-adu_t07-adipose_prot-ph_metadata_samples.txt","stem:06_generate_qc_norm/generate_prot_ph_qc_norm","txt","1.2","t07-adipose","prot-ph","metadata","samples","baseline version; last updated after one subject's BMI was updated","freeze:prot-ph|metadata|samples"
"human-precovid-sed-adu_t07-adipose_prot-ph_qc-norm_log2-mn.txt","stem:06_generate_qc_norm/generate_prot_ph_qc_norm","txt","1.2","t07-adipose","prot-ph","qc-norm","log2-mn","baseline version; last updated after one subject's BMI was updated","freeze:prot-ph|qc-norm|log2-mn"
"human-precovid-sed-adu_t07-adipose_prot-pr_da_dream-acute.txt","stem:09_build_da/generate_prot_pr_da","txt","2.1","t07-adipose","prot-pr","da","dream-acute","manually calculating confidence intervals - labeled CI.L_calculated/CI.R_calculated","freeze:prot-pr|da|dream-acute"
"human-precovid-sed-adu_t07-adipose_prot-pr_imputed_log2-mn.txt","stem:06_generate_qc_norm/generate_prot_pr_imputed","txt","1.2","t07-adipose","prot-pr","imputed","log2-mn","baseline version; last updated after one subject's BMI was updated","freeze:prot-pr|imputed|log2-mn"
"human-precovid-sed-adu_t07-adipose_prot-pr_metadata_features.txt","stem:06_generate_qc_norm/generate_prot_pr_qc_norm","txt","2.1","t07-adipose","prot-pr","metadata","features","gained num_peptides, percent_coverage, protein_score and redundant_ids, which .annotate_prot_pr()'s select() dropped; all four are per tissue, so they stop here and at *_PROT_PR_QC and are not carried into the feature-to-gene map","freeze:prot-pr|metadata|features"
"human-precovid-sed-adu_t07-adipose_prot-pr_metadata_qc-report.html",NA,"html","1.2","t07-adipose","prot-pr","metadata","qc-report","baseline version; last updated after one subject's BMI was updated",NA
"human-precovid-sed-adu_t07-adipose_prot-pr_metadata_removed-samples.txt","stem:06_generate_qc_norm/stage_removed_samples","txt","1.2","t07-adipose","prot-pr","metadata","removed-samples","baseline version; last updated after one subject's BMI was updated","freeze:prot-pr|metadata|removed-samples"
"human-precovid-sed-adu_t07-adipose_prot-pr_metadata_samples.txt","stem:06_generate_qc_norm/generate_prot_pr_qc_norm","txt","1.2","t07-adipose","prot-pr","metadata","samples","baseline version; last updated after one subject's BMI was updated","freeze:prot-pr|metadata|samples"
"human-precovid-sed-adu_t07-adipose_prot-pr_qc-norm_log2-mn.txt","stem:06_generate_qc_norm/generate_prot_pr_qc_norm","txt","1.2","t07-adipose","prot-pr","qc-norm","log2-mn","baseline version; last updated after one subject's BMI was updated","freeze:prot-pr|qc-norm|log2-mn"
"human-precovid-sed-adu_t10-muscle_metab-t-amines_da_dream-acute.txt","stem:09_build_da/generate_metab_da","txt","2.1","t10-muscle","metab-t-amines","da","dream-acute","manually calculating confidence intervals - labeled CI.L_calculated/CI.R_calculated","freeze:metab-t-amines|da|dream-acute"
"human-precovid-sed-adu_t10-muscle_metab-t-amines_metadata_features.txt","stem:06_generate_qc_norm/generate_metab_qc_norm","txt","2.0","t10-muscle","metab-t-amines","metadata","features","feature metadata patch to match the feature-to-gene mapping updates","freeze:metab-t-amines|metadata|features"
"human-precovid-sed-adu_t10-muscle_metab-t-amines_metadata_samples.txt","stem:06_generate_qc_norm/generate_metab_qc_norm","txt","1.3","t10-muscle","metab-t-amines","metadata","samples","changed following the metabolomics outlier detection update","freeze:metab-t-amines|metadata|samples"
"human-precovid-sed-adu_t10-muscle_metab-t-amines_qc-norm_log2.txt","stem:06_generate_qc_norm/generate_metab_qc_norm","txt","1.3","t10-muscle","metab-t-amines","qc-norm","log2","changed following the metabolomics outlier detection update","freeze:metab-t-amines|qc-norm|log2"
"human-precovid-sed-adu_t10-muscle_metab-t-nuc_da_dream-acute.txt","stem:09_build_da/generate_metab_da","txt","2.1","t10-muscle","metab-t-nuc","da","dream-acute","manually calculating confidence intervals - labeled CI.L_calculated/CI.R_calculated","freeze:metab-t-nuc|da|dream-acute"
"human-precovid-sed-adu_t10-muscle_metab-t-nuc_metadata_features.txt","stem:06_generate_qc_norm/generate_metab_qc_norm","txt","2.0","t10-muscle","metab-t-nuc","metadata","features","feature metadata patch to match the feature-to-gene mapping updates","freeze:metab-t-nuc|metadata|features"
"human-precovid-sed-adu_t10-muscle_metab-t-nuc_metadata_removed-samples.txt","stem:06_generate_qc_norm/stage_removed_samples","txt","1.3","t10-muscle","metab-t-nuc","metadata","removed-samples","changed following the metabolomics outlier detection update","freeze:metab-t-nuc|metadata|removed-samples"
"human-precovid-sed-adu_t10-muscle_metab-t-nuc_metadata_samples.txt","stem:06_generate_qc_norm/generate_metab_qc_norm","txt","1.3","t10-muscle","metab-t-nuc","metadata","samples","changed following the metabolomics outlier detection update","freeze:metab-t-nuc|metadata|samples"
"human-precovid-sed-adu_t10-muscle_metab-t-nuc_qc-norm_log2.txt","stem:06_generate_qc_norm/generate_metab_qc_norm","txt","1.3","t10-muscle","metab-t-nuc","qc-norm","log2","changed following the metabolomics outlier detection update","freeze:metab-t-nuc|qc-norm|log2"
"human-precovid-sed-adu_t10-muscle_metab-t-oxylipneg_da_dream-acute.txt","stem:09_build_da/generate_metab_da","txt","2.1","t10-muscle","metab-t-oxylipneg","da","dream-acute","manually calculating confidence intervals - labeled CI.L_calculated/CI.R_calculated","freeze:metab-t-oxylipneg|da|dream-acute"
"human-precovid-sed-adu_t10-muscle_metab-t-oxylipneg_metadata_features.txt","stem:06_generate_qc_norm/generate_metab_qc_norm","txt","2.0","t10-muscle","metab-t-oxylipneg","metadata","features","feature metadata patch to match the feature-to-gene mapping updates","freeze:metab-t-oxylipneg|metadata|features"
"human-precovid-sed-adu_t10-muscle_metab-t-oxylipneg_metadata_removed-samples.txt","stem:06_generate_qc_norm/stage_removed_samples","txt","1.3","t10-muscle","metab-t-oxylipneg","metadata","removed-samples","changed following the metabolomics outlier detection update","freeze:metab-t-oxylipneg|metadata|removed-samples"
"human-precovid-sed-adu_t10-muscle_metab-t-oxylipneg_metadata_samples.txt","stem:06_generate_qc_norm/generate_metab_qc_norm","txt","1.3","t10-muscle","metab-t-oxylipneg","metadata","samples","changed following the metabolomics outlier detection update","freeze:metab-t-oxylipneg|metadata|samples"
"human-precovid-sed-adu_t10-muscle_metab-t-oxylipneg_qc-norm_log2.txt","stem:06_generate_qc_norm/generate_metab_qc_norm","txt","1.3","t10-muscle","metab-t-oxylipneg","qc-norm","log2","changed following the metabolomics outlier detection update","freeze:metab-t-oxylipneg|qc-norm|log2"
"human-precovid-sed-adu_t10-muscle_metab-t-tca_da_dream-acute.txt","stem:09_build_da/generate_metab_da","txt","2.1","t10-muscle","metab-t-tca","da","dream-acute","manually calculating confidence intervals - labeled CI.L_calculated/CI.R_calculated","freeze:metab-t-tca|da|dream-acute"
"human-precovid-sed-adu_t10-muscle_metab-t-tca_metadata_features.txt","stem:06_generate_qc_norm/generate_metab_qc_norm","txt","2.0","t10-muscle","metab-t-tca","metadata","features","feature metadata patch to match the feature-to-gene mapping updates","freeze:metab-t-tca|metadata|features"
"human-precovid-sed-adu_t10-muscle_metab-t-tca_metadata_samples.txt","stem:06_generate_qc_norm/generate_metab_qc_norm","txt","1.3","t10-muscle","metab-t-tca","metadata","samples","changed following the metabolomics outlier detection update","freeze:metab-t-tca|metadata|samples"
"human-precovid-sed-adu_t10-muscle_metab-t-tca_qc-norm_log2.txt","stem:06_generate_qc_norm/generate_metab_qc_norm","txt","1.3","t10-muscle","metab-t-tca","qc-norm","log2","changed following the metabolomics outlier detection update","freeze:metab-t-tca|qc-norm|log2"
"human-precovid-sed-adu_t10-muscle_metab-u-lrpneg_da_dream-acute.txt","stem:09_build_da/generate_metab_da","txt","2.1","t10-muscle","metab-u-lrpneg","da","dream-acute","manually calculating confidence intervals - labeled CI.L_calculated/CI.R_calculated","freeze:metab-u-lrpneg|da|dream-acute"
"human-precovid-sed-adu_t10-muscle_metab-u-lrpneg_metadata_features.txt","stem:06_generate_qc_norm/generate_metab_qc_norm","txt","2.0","t10-muscle","metab-u-lrpneg","metadata","features","feature metadata patch to match the feature-to-gene mapping updates","freeze:metab-u-lrpneg|metadata|features"
"human-precovid-sed-adu_t10-muscle_metab-u-lrpneg_metadata_removed-samples.txt","stem:06_generate_qc_norm/stage_removed_samples","txt","1.3","t10-muscle","metab-u-lrpneg","metadata","removed-samples","changed following the metabolomics outlier detection update","freeze:metab-u-lrpneg|metadata|removed-samples"
"human-precovid-sed-adu_t10-muscle_metab-u-lrpneg_metadata_samples.txt","stem:06_generate_qc_norm/generate_metab_qc_norm","txt","1.3","t10-muscle","metab-u-lrpneg","metadata","samples","changed following the metabolomics outlier detection update","freeze:metab-u-lrpneg|metadata|samples"
"human-precovid-sed-adu_t10-muscle_metab-u-lrpneg_qc-norm_log2.txt","stem:06_generate_qc_norm/generate_metab_qc_norm","txt","1.3","t10-muscle","metab-u-lrpneg","qc-norm","log2","changed following the metabolomics outlier detection update","freeze:metab-u-lrpneg|qc-norm|log2"
"human-precovid-sed-adu_t10-muscle_metab-u-lrppos_da_dream-acute.txt","stem:09_build_da/generate_metab_da","txt","2.1","t10-muscle","metab-u-lrppos","da","dream-acute","manually calculating confidence intervals - labeled CI.L_calculated/CI.R_calculated","freeze:metab-u-lrppos|da|dream-acute"
"human-precovid-sed-adu_t10-muscle_metab-u-lrppos_metadata_features.txt","stem:06_generate_qc_norm/generate_metab_qc_norm","txt","2.0","t10-muscle","metab-u-lrppos","metadata","features","feature metadata patch to match the feature-to-gene mapping updates","freeze:metab-u-lrppos|metadata|features"
"human-precovid-sed-adu_t10-muscle_metab-u-lrppos_metadata_removed-samples.txt","stem:06_generate_qc_norm/stage_removed_samples","txt","1.3","t10-muscle","metab-u-lrppos","metadata","removed-samples","changed following the metabolomics outlier detection update","freeze:metab-u-lrppos|metadata|removed-samples"
"human-precovid-sed-adu_t10-muscle_metab-u-lrppos_metadata_samples.txt","stem:06_generate_qc_norm/generate_metab_qc_norm","txt","1.3","t10-muscle","metab-u-lrppos","metadata","samples","changed following the metabolomics outlier detection update","freeze:metab-u-lrppos|metadata|samples"
"human-precovid-sed-adu_t10-muscle_metab-u-lrppos_qc-norm_log2.txt","stem:06_generate_qc_norm/generate_metab_qc_norm","txt","1.3","t10-muscle","metab-u-lrppos","qc-norm","log2","changed following the metabolomics outlier detection update","freeze:metab-u-lrppos|qc-norm|log2"
"human-precovid-sed-adu_t10-muscle_prot-ph_da_dream-acute.txt","stem:09_build_da/generate_prot_ph_da","txt","2.1","t10-muscle","prot-ph","da","dream-acute","manually calculating confidence intervals - labeled CI.L_calculated/CI.R_calculated","freeze:prot-ph|da|dream-acute"
"human-precovid-sed-adu_t10-muscle_prot-ph_imputed_log2-mn.txt","stem:06_generate_qc_norm/generate_prot_ph_imputed","txt","2.0","t10-muscle","prot-ph","imputed","log2-mn","updates to prot-pr/ph qc-norm files","freeze:prot-ph|imputed|log2-mn"
"human-precovid-sed-adu_t10-muscle_prot-ph_metadata_features.txt","stem:06_generate_qc_norm/generate_prot_ph_qc_norm","txt","2.1","t10-muscle","prot-ph","metadata","features","gained confident_score, ptm_score and redundant_ids, which .annotate_prot_ph()'s select() dropped; all three are per tissue, so they stop here and at *_PROT_PH_QC and are not carried into the feature-to-gene map","freeze:prot-ph|metadata|features"
"human-precovid-sed-adu_t10-muscle_prot-ph_metadata_samples.txt","stem:06_generate_qc_norm/generate_prot_ph_qc_norm","txt","1.2","t10-muscle","prot-ph","metadata","samples","baseline version; last updated after one subject's BMI was updated","freeze:prot-ph|metadata|samples"
"human-precovid-sed-adu_t10-muscle_prot-ph_qc-norm_log2-mn.txt","stem:06_generate_qc_norm/generate_prot_ph_qc_norm","txt","2.0","t10-muscle","prot-ph","qc-norm","log2-mn","regenerated after bug fixes to the matching process for qc-norm files","freeze:prot-ph|qc-norm|log2-mn"
"human-precovid-sed-adu_t10-muscle_prot-ph_qc-report.html",NA,"html","1.2","t10-muscle","prot-ph","qc-report",NA,"baseline version; last updated after one subject's BMI was updated",NA
"human-precovid-sed-adu_t10-muscle_prot-pr_da_dream-acute.txt","stem:09_build_da/generate_prot_pr_da","txt","2.1","t10-muscle","prot-pr","da","dream-acute","manually calculating confidence intervals - labeled CI.L_calculated/CI.R_calculated","freeze:prot-pr|da|dream-acute"
"human-precovid-sed-adu_t10-muscle_prot-pr_imputed_log2-mn.txt","stem:06_generate_qc_norm/generate_prot_pr_imputed","txt","2.0","t10-muscle","prot-pr","imputed","log2-mn","updates to prot-pr/ph qc-norm files","freeze:prot-pr|imputed|log2-mn"
"human-precovid-sed-adu_t10-muscle_prot-pr_metadata_features.txt","stem:06_generate_qc_norm/generate_prot_pr_qc_norm","txt","2.1","t10-muscle","prot-pr","metadata","features","gained num_peptides, percent_coverage, protein_score and redundant_ids, which .annotate_prot_pr()'s select() dropped; all four are per tissue, so they stop here and at *_PROT_PR_QC and are not carried into the feature-to-gene map","freeze:prot-pr|metadata|features"
"human-precovid-sed-adu_t10-muscle_prot-pr_metadata_samples.txt","stem:06_generate_qc_norm/generate_prot_pr_qc_norm","txt","1.2","t10-muscle","prot-pr","metadata","samples","baseline version; last updated after one subject's BMI was updated","freeze:prot-pr|metadata|samples"
"human-precovid-sed-adu_t10-muscle_prot-pr_qc-norm_log2-mn.txt","stem:06_generate_qc_norm/generate_prot_pr_qc_norm","txt","2.0","t10-muscle","prot-pr","qc-norm","log2-mn","regenerated after bug fixes to the matching process for qc-norm files","freeze:prot-pr|qc-norm|log2-mn"
"human-precovid-sed-adu_t10-muscle_prot-pr_qc-report.html",NA,"html","1.2","t10-muscle","prot-pr","qc-report",NA,"baseline version; last updated after one subject's BMI was updated",NA
"human-precovid-sed-adu_t11-adipose_epigen-methylcap-seq_da_malax-glmm-acute.txt","stem:09_build_da/generate_methylcap_da","txt","1.2","t11-adipose","epigen-methylcap-seq","da","malax-glmm-acute","baseline version; last updated after one subject's BMI was updated","freeze:epigen-methylcap-seq|da|malax-glmm-acute"
"human-precovid-sed-adu_t11-adipose_epigen-methylcap-seq_metadata_features.txt","stem:06_generate_qc_norm/generate_methylcap_qc_norm","txt","2.0","t11-adipose","epigen-methylcap-seq","metadata","features","feature metadata patch to match the feature-to-gene mapping updates","freeze:epigen-methylcap-seq|metadata|features"
"human-precovid-sed-adu_t11-adipose_epigen-methylcap-seq_metadata_samples.txt","stem:06_generate_qc_norm/generate_methylcap_qc_norm","txt","2.0","t11-adipose","epigen-methylcap-seq","metadata","samples","making consistent metadata structure","freeze:epigen-methylcap-seq|metadata|samples"
"human-precovid-sed-adu_t11-adipose_epigen-methylcap-seq_qc-norm_beta-values.txt","stem:06_generate_qc_norm/generate_methylcap_qc_norm","txt","1.2","t11-adipose","epigen-methylcap-seq","qc-norm","beta-values","baseline version; last updated after one subject's BMI was updated","freeze:epigen-methylcap-seq|qc-norm|beta-values"
"human-precovid-sed-adu_t11-adipose_metab-t-acoa_da_dream-acute.txt","stem:09_build_da/generate_metab_da","txt","2.1","t11-adipose","metab-t-acoa","da","dream-acute","manually calculating confidence intervals - labeled CI.L_calculated/CI.R_calculated","freeze:metab-t-acoa|da|dream-acute"
"human-precovid-sed-adu_t11-adipose_metab-t-acoa_metadata_features.txt","stem:06_generate_qc_norm/generate_metab_qc_norm","txt","2.0","t11-adipose","metab-t-acoa","metadata","features","feature metadata patch to match the feature-to-gene mapping updates","freeze:metab-t-acoa|metadata|features"
"human-precovid-sed-adu_t11-adipose_metab-t-acoa_metadata_removed-samples.txt","stem:06_generate_qc_norm/stage_removed_samples","txt","1.3","t11-adipose","metab-t-acoa","metadata","removed-samples","changed following the metabolomics outlier detection update","freeze:metab-t-acoa|metadata|removed-samples"
"human-precovid-sed-adu_t11-adipose_metab-t-acoa_metadata_samples.txt","stem:06_generate_qc_norm/generate_metab_qc_norm","txt","1.3","t11-adipose","metab-t-acoa","metadata","samples","changed following the metabolomics outlier detection update","freeze:metab-t-acoa|metadata|samples"
"human-precovid-sed-adu_t11-adipose_metab-t-acoa_qc-norm_log2.txt","stem:06_generate_qc_norm/generate_metab_qc_norm","txt","1.3","t11-adipose","metab-t-acoa","qc-norm","log2","changed following the metabolomics outlier detection update","freeze:metab-t-acoa|qc-norm|log2"
"human-precovid-sed-adu_t11-adipose_metab-t-amines_da_dream-acute.txt","stem:09_build_da/generate_metab_da","txt","2.1","t11-adipose","metab-t-amines","da","dream-acute","manually calculating confidence intervals - labeled CI.L_calculated/CI.R_calculated","freeze:metab-t-amines|da|dream-acute"
"human-precovid-sed-adu_t11-adipose_metab-t-amines_metadata_features.txt","stem:06_generate_qc_norm/generate_metab_qc_norm","txt","2.0","t11-adipose","metab-t-amines","metadata","features","feature metadata patch to match the feature-to-gene mapping updates","freeze:metab-t-amines|metadata|features"
"human-precovid-sed-adu_t11-adipose_metab-t-amines_metadata_removed-samples.txt","stem:06_generate_qc_norm/stage_removed_samples","txt","1.3","t11-adipose","metab-t-amines","metadata","removed-samples","changed following the metabolomics outlier detection update","freeze:metab-t-amines|metadata|removed-samples"
"human-precovid-sed-adu_t11-adipose_metab-t-amines_metadata_samples.txt","stem:06_generate_qc_norm/generate_metab_qc_norm","txt","1.3","t11-adipose","metab-t-amines","metadata","samples","changed following the metabolomics outlier detection update","freeze:metab-t-amines|metadata|samples"
"human-precovid-sed-adu_t11-adipose_metab-t-amines_qc-norm_log2.txt","stem:06_generate_qc_norm/generate_metab_qc_norm","txt","1.3","t11-adipose","metab-t-amines","qc-norm","log2","changed following the metabolomics outlier detection update","freeze:metab-t-amines|qc-norm|log2"
"human-precovid-sed-adu_t11-adipose_metab-t-ka_da_dream-acute.txt","stem:09_build_da/generate_metab_da","txt","2.1","t11-adipose","metab-t-ka","da","dream-acute","manually calculating confidence intervals - labeled CI.L_calculated/CI.R_calculated","freeze:metab-t-ka|da|dream-acute"
"human-precovid-sed-adu_t11-adipose_metab-t-ka_metadata_features.txt","stem:06_generate_qc_norm/generate_metab_qc_norm","txt","2.0","t11-adipose","metab-t-ka","metadata","features","feature metadata patch to match the feature-to-gene mapping updates","freeze:metab-t-ka|metadata|features"
"human-precovid-sed-adu_t11-adipose_metab-t-ka_metadata_samples.txt","stem:06_generate_qc_norm/generate_metab_qc_norm","txt","1.3","t11-adipose","metab-t-ka","metadata","samples","changed following the metabolomics outlier detection update","freeze:metab-t-ka|metadata|samples"
"human-precovid-sed-adu_t11-adipose_metab-t-ka_qc-norm_log2.txt","stem:06_generate_qc_norm/generate_metab_qc_norm","txt","1.3","t11-adipose","metab-t-ka","qc-norm","log2","changed following the metabolomics outlier detection update","freeze:metab-t-ka|qc-norm|log2"
"human-precovid-sed-adu_t11-adipose_metab-t-nuc_da_dream-acute.txt","stem:09_build_da/generate_metab_da","txt","2.1","t11-adipose","metab-t-nuc","da","dream-acute","manually calculating confidence intervals - labeled CI.L_calculated/CI.R_calculated","freeze:metab-t-nuc|da|dream-acute"
"human-precovid-sed-adu_t11-adipose_metab-t-nuc_metadata_features.txt","stem:06_generate_qc_norm/generate_metab_qc_norm","txt","2.0","t11-adipose","metab-t-nuc","metadata","features","feature metadata patch to match the feature-to-gene mapping updates","freeze:metab-t-nuc|metadata|features"
"human-precovid-sed-adu_t11-adipose_metab-t-nuc_metadata_samples.txt","stem:06_generate_qc_norm/generate_metab_qc_norm","txt","1.3","t11-adipose","metab-t-nuc","metadata","samples","changed following the metabolomics outlier detection update","freeze:metab-t-nuc|metadata|samples"
"human-precovid-sed-adu_t11-adipose_metab-t-nuc_qc-norm_log2.txt","stem:06_generate_qc_norm/generate_metab_qc_norm","txt","1.3","t11-adipose","metab-t-nuc","qc-norm","log2","changed following the metabolomics outlier detection update","freeze:metab-t-nuc|qc-norm|log2"
"human-precovid-sed-adu_t11-adipose_metab-t-oxylipneg_da_dream-acute.txt","stem:09_build_da/generate_metab_da","txt","2.1","t11-adipose","metab-t-oxylipneg","da","dream-acute","manually calculating confidence intervals - labeled CI.L_calculated/CI.R_calculated","freeze:metab-t-oxylipneg|da|dream-acute"
"human-precovid-sed-adu_t11-adipose_metab-t-oxylipneg_metadata_features.txt","stem:06_generate_qc_norm/generate_metab_qc_norm","txt","2.0","t11-adipose","metab-t-oxylipneg","metadata","features","feature metadata patch to match the feature-to-gene mapping updates","freeze:metab-t-oxylipneg|metadata|features"
"human-precovid-sed-adu_t11-adipose_metab-t-oxylipneg_metadata_removed-samples.txt","stem:06_generate_qc_norm/stage_removed_samples","txt","1.3","t11-adipose","metab-t-oxylipneg","metadata","removed-samples","changed following the metabolomics outlier detection update","freeze:metab-t-oxylipneg|metadata|removed-samples"
"human-precovid-sed-adu_t11-adipose_metab-t-oxylipneg_metadata_samples.txt","stem:06_generate_qc_norm/generate_metab_qc_norm","txt","1.3","t11-adipose","metab-t-oxylipneg","metadata","samples","changed following the metabolomics outlier detection update","freeze:metab-t-oxylipneg|metadata|samples"
"human-precovid-sed-adu_t11-adipose_metab-t-oxylipneg_qc-norm_log2.txt","stem:06_generate_qc_norm/generate_metab_qc_norm","txt","1.3","t11-adipose","metab-t-oxylipneg","qc-norm","log2","changed following the metabolomics outlier detection update","freeze:metab-t-oxylipneg|qc-norm|log2"
"human-precovid-sed-adu_t11-adipose_metab-t-tca_da_dream-acute.txt","stem:09_build_da/generate_metab_da","txt","2.1","t11-adipose","metab-t-tca","da","dream-acute","manually calculating confidence intervals - labeled CI.L_calculated/CI.R_calculated","freeze:metab-t-tca|da|dream-acute"
"human-precovid-sed-adu_t11-adipose_metab-t-tca_metadata_features.txt","stem:06_generate_qc_norm/generate_metab_qc_norm","txt","2.0","t11-adipose","metab-t-tca","metadata","features","feature metadata patch to match the feature-to-gene mapping updates","freeze:metab-t-tca|metadata|features"
"human-precovid-sed-adu_t11-adipose_metab-t-tca_metadata_removed-samples.txt","stem:06_generate_qc_norm/stage_removed_samples","txt","1.3","t11-adipose","metab-t-tca","metadata","removed-samples","changed following the metabolomics outlier detection update","freeze:metab-t-tca|metadata|removed-samples"
"human-precovid-sed-adu_t11-adipose_metab-t-tca_metadata_samples.txt","stem:06_generate_qc_norm/generate_metab_qc_norm","txt","1.3","t11-adipose","metab-t-tca","metadata","samples","changed following the metabolomics outlier detection update","freeze:metab-t-tca|metadata|samples"
"human-precovid-sed-adu_t11-adipose_metab-t-tca_qc-norm_log2.txt","stem:06_generate_qc_norm/generate_metab_qc_norm","txt","2.0","t11-adipose","metab-t-tca","qc-norm","log2","regenerated after bug fixes to the matching process for qc-norm files","freeze:metab-t-tca|qc-norm|log2"
"human-precovid-sed-adu_t11-adipose_metab-u-hilicpos_da_dream-acute.txt","stem:09_build_da/generate_metab_da","txt","2.1","t11-adipose","metab-u-hilicpos","da","dream-acute","manually calculating confidence intervals - labeled CI.L_calculated/CI.R_calculated","freeze:metab-u-hilicpos|da|dream-acute"
"human-precovid-sed-adu_t11-adipose_metab-u-hilicpos_metadata_features.txt","stem:06_generate_qc_norm/generate_metab_qc_norm","txt","2.0","t11-adipose","metab-u-hilicpos","metadata","features","feature metadata patch to match the feature-to-gene mapping updates","freeze:metab-u-hilicpos|metadata|features"
"human-precovid-sed-adu_t11-adipose_metab-u-hilicpos_metadata_samples.txt","stem:06_generate_qc_norm/generate_metab_qc_norm","txt","1.3","t11-adipose","metab-u-hilicpos","metadata","samples","changed following the metabolomics outlier detection update","freeze:metab-u-hilicpos|metadata|samples"
"human-precovid-sed-adu_t11-adipose_metab-u-hilicpos_qc-norm_log2.txt","stem:06_generate_qc_norm/generate_metab_qc_norm","txt","1.3","t11-adipose","metab-u-hilicpos","qc-norm","log2","changed following the metabolomics outlier detection update","freeze:metab-u-hilicpos|qc-norm|log2"
"human-precovid-sed-adu_t11-adipose_metab-u-ionpneg_da_dream-acute.txt","stem:09_build_da/generate_metab_da","txt","2.1","t11-adipose","metab-u-ionpneg","da","dream-acute","manually calculating confidence intervals - labeled CI.L_calculated/CI.R_calculated","freeze:metab-u-ionpneg|da|dream-acute"
"human-precovid-sed-adu_t11-adipose_metab-u-ionpneg_metadata_features.txt","stem:06_generate_qc_norm/generate_metab_qc_norm","txt","2.0","t11-adipose","metab-u-ionpneg","metadata","features","feature metadata patch to match the feature-to-gene mapping updates","freeze:metab-u-ionpneg|metadata|features"
"human-precovid-sed-adu_t11-adipose_metab-u-ionpneg_metadata_samples.txt","stem:06_generate_qc_norm/generate_metab_qc_norm","txt","1.3","t11-adipose","metab-u-ionpneg","metadata","samples","changed following the metabolomics outlier detection update","freeze:metab-u-ionpneg|metadata|samples"
"human-precovid-sed-adu_t11-adipose_metab-u-ionpneg_qc-norm_log2.txt","stem:06_generate_qc_norm/generate_metab_qc_norm","txt","1.3","t11-adipose","metab-u-ionpneg","qc-norm","log2","changed following the metabolomics outlier detection update","freeze:metab-u-ionpneg|qc-norm|log2"
"human-precovid-sed-adu_t11-adipose_metab-u-lrpneg_da_dream-acute.txt","stem:09_build_da/generate_metab_da","txt","2.1","t11-adipose","metab-u-lrpneg","da","dream-acute","manually calculating confidence intervals - labeled CI.L_calculated/CI.R_calculated","freeze:metab-u-lrpneg|da|dream-acute"
"human-precovid-sed-adu_t11-adipose_metab-u-lrpneg_metadata_features.txt","stem:06_generate_qc_norm/generate_metab_qc_norm","txt","2.0","t11-adipose","metab-u-lrpneg","metadata","features","feature metadata patch to match the feature-to-gene mapping updates","freeze:metab-u-lrpneg|metadata|features"
"human-precovid-sed-adu_t11-adipose_metab-u-lrpneg_metadata_removed-samples.txt","stem:06_generate_qc_norm/stage_removed_samples","txt","1.3","t11-adipose","metab-u-lrpneg","metadata","removed-samples","changed following the metabolomics outlier detection update","freeze:metab-u-lrpneg|metadata|removed-samples"
"human-precovid-sed-adu_t11-adipose_metab-u-lrpneg_metadata_samples.txt","stem:06_generate_qc_norm/generate_metab_qc_norm","txt","1.3","t11-adipose","metab-u-lrpneg","metadata","samples","changed following the metabolomics outlier detection update","freeze:metab-u-lrpneg|metadata|samples"
"human-precovid-sed-adu_t11-adipose_metab-u-lrpneg_qc-norm_log2.txt","stem:06_generate_qc_norm/generate_metab_qc_norm","txt","1.3","t11-adipose","metab-u-lrpneg","qc-norm","log2","changed following the metabolomics outlier detection update","freeze:metab-u-lrpneg|qc-norm|log2"
"human-precovid-sed-adu_t11-adipose_metab-u-lrppos_da_dream-acute.txt","stem:09_build_da/generate_metab_da","txt","2.1","t11-adipose","metab-u-lrppos","da","dream-acute","manually calculating confidence intervals - labeled CI.L_calculated/CI.R_calculated","freeze:metab-u-lrppos|da|dream-acute"
"human-precovid-sed-adu_t11-adipose_metab-u-lrppos_metadata_features.txt","stem:06_generate_qc_norm/generate_metab_qc_norm","txt","2.0","t11-adipose","metab-u-lrppos","metadata","features","feature metadata patch to match the feature-to-gene mapping updates","freeze:metab-u-lrppos|metadata|features"
"human-precovid-sed-adu_t11-adipose_metab-u-lrppos_metadata_removed-samples.txt","stem:06_generate_qc_norm/stage_removed_samples","txt","1.3","t11-adipose","metab-u-lrppos","metadata","removed-samples","changed following the metabolomics outlier detection update","freeze:metab-u-lrppos|metadata|removed-samples"
"human-precovid-sed-adu_t11-adipose_metab-u-lrppos_metadata_samples.txt","stem:06_generate_qc_norm/generate_metab_qc_norm","txt","1.3","t11-adipose","metab-u-lrppos","metadata","samples","changed following the metabolomics outlier detection update","freeze:metab-u-lrppos|metadata|samples"
"human-precovid-sed-adu_t11-adipose_metab-u-lrppos_qc-norm_log2.txt","stem:06_generate_qc_norm/generate_metab_qc_norm","txt","1.3","t11-adipose","metab-u-lrppos","qc-norm","log2","changed following the metabolomics outlier detection update","freeze:metab-u-lrppos|qc-norm|log2"
"human-precovid-sed-adu_t11-adipose_metab-u-rpneg_da_dream-acute.txt","stem:09_build_da/generate_metab_da","txt","2.1","t11-adipose","metab-u-rpneg","da","dream-acute","manually calculating confidence intervals - labeled CI.L_calculated/CI.R_calculated","freeze:metab-u-rpneg|da|dream-acute"
"human-precovid-sed-adu_t11-adipose_metab-u-rpneg_metadata_features.txt","stem:06_generate_qc_norm/generate_metab_qc_norm","txt","2.0","t11-adipose","metab-u-rpneg","metadata","features","feature metadata patch to match the feature-to-gene mapping updates","freeze:metab-u-rpneg|metadata|features"
"human-precovid-sed-adu_t11-adipose_metab-u-rpneg_metadata_samples.txt","stem:06_generate_qc_norm/generate_metab_qc_norm","txt","1.3","t11-adipose","metab-u-rpneg","metadata","samples","changed following the metabolomics outlier detection update","freeze:metab-u-rpneg|metadata|samples"
"human-precovid-sed-adu_t11-adipose_metab-u-rpneg_qc-norm_log2.txt","stem:06_generate_qc_norm/generate_metab_qc_norm","txt","1.3","t11-adipose","metab-u-rpneg","qc-norm","log2","changed following the metabolomics outlier detection update","freeze:metab-u-rpneg|qc-norm|log2"
"human-precovid-sed-adu_t11-adipose_metab-u-rppos_da_dream-acute.txt","stem:09_build_da/generate_metab_da","txt","2.1","t11-adipose","metab-u-rppos","da","dream-acute","manually calculating confidence intervals - labeled CI.L_calculated/CI.R_calculated","freeze:metab-u-rppos|da|dream-acute"
"human-precovid-sed-adu_t11-adipose_metab-u-rppos_metadata_features.txt","stem:06_generate_qc_norm/generate_metab_qc_norm","txt","2.0","t11-adipose","metab-u-rppos","metadata","features","feature metadata patch to match the feature-to-gene mapping updates","freeze:metab-u-rppos|metadata|features"
"human-precovid-sed-adu_t11-adipose_metab-u-rppos_metadata_samples.txt","stem:06_generate_qc_norm/generate_metab_qc_norm","txt","1.3","t11-adipose","metab-u-rppos","metadata","samples","changed following the metabolomics outlier detection update","freeze:metab-u-rppos|metadata|samples"
"human-precovid-sed-adu_t11-adipose_metab-u-rppos_qc-norm_log2.txt","stem:06_generate_qc_norm/generate_metab_qc_norm","txt","1.3","t11-adipose","metab-u-rppos","qc-norm","log2","changed following the metabolomics outlier detection update","freeze:metab-u-rppos|qc-norm|log2"
"human-precovid-sed-adu_t11-adipose_transcript-rna-seq_da_dream-acute.txt","stem:09_build_da/generate_transcriptomics_da","txt","2.1","t11-adipose","transcript-rna-seq","da","dream-acute","manually calculating confidence intervals - labeled CI.L_calculated/CI.R_calculated","freeze:transcript-rna-seq|da|dream-acute"
"human-precovid-sed-adu_t11-adipose_transcript-rna-seq_metadata_features.txt","stem:06_generate_qc_norm/generate_transcriptomics_qc_norm","txt","2.0","t11-adipose","transcript-rna-seq","metadata","features","feature metadata patch to match the feature-to-gene mapping updates","freeze:transcript-rna-seq|metadata|features"
"human-precovid-sed-adu_t11-adipose_transcript-rna-seq_metadata_removed-samples.txt","stem:06_generate_qc_norm/stage_removed_samples","txt","1.2","t11-adipose","transcript-rna-seq","metadata","removed-samples","baseline version; last updated after one subject's BMI was updated","freeze:transcript-rna-seq|metadata|removed-samples"
"human-precovid-sed-adu_t11-adipose_transcript-rna-seq_metadata_samples.txt","stem:06_generate_qc_norm/generate_transcriptomics_qc_norm","txt","1.2","t11-adipose","transcript-rna-seq","metadata","samples","baseline version; last updated after one subject's BMI was updated","freeze:transcript-rna-seq|metadata|samples"
"human-precovid-sed-adu_t11-adipose_transcript-rna-seq_qc-norm_log-cpm.txt","stem:06_generate_qc_norm/generate_transcriptomics_qc_norm","txt","2.0","t11-adipose","transcript-rna-seq","qc-norm","log-cpm","regenerated after bug fixes to the matching process for qc-norm files","freeze:transcript-rna-seq|qc-norm|log-cpm"
"motrpac_human-precovid_1kg_pca.csv",NA,"csv","2.0",NA,NA,NA,NA,"published unversioned through v1.4; versioned from v2.0 on so every file in the collection carries a release stamp",NA
"motrpac_human-precovid_metabolite-cv.txt",NA,"txt","2.0",NA,NA,NA,NA,"updated refmet names",NA
"motrpac_human-precovid_refmet-map_provenance.json",NA,"json","2.0",NA,NA,NA,NA,"published unversioned through v1.4; versioned from v2.0 on so every file in the collection carries a release stamp",NA
"motrpac_human-precovid_refmet-map.txt",NA,"txt","2.0",NA,NA,NA,NA,"published unversioned through v1.4; versioned from v2.0 on so every file in the collection carries a release stamp",NA
"motrpac-mappings-human-feature-to-gene.txt",NA,"txt","2.2",NA,NA,NA,NA,"gained custom_annotation and relationship_to_gene, which step 07 now keeps rather than dropping, and does not carry confident_site, a per-tissue flag this object has no tissue column to qualify (read *_PROT_PH_QC$feature_metadata instead); content differs from the file currently in the bucket",NA
"txdb_hsapiens_ensembl_v105.sqlite",NA,"sqlite","2.0",NA,NA,NA,NA,"published unversioned through v1.4; versioned from v2.0 on so every file in the collection carries a release stamp",NA
