object	node	step	generator	repo	deps	regenerated	notes
HUMAN_ACUTE_TIMEPOINT_COLORS	COLORS_ABBREVIATIONS	00_preflight	COLORS_ABBREVIATIONS.R	analysis	-	yes	built by 00_preflight (leaf); node-runner PASS
HUMAN_EXERCISE_GROUP_COLORS	COLORS_ABBREVIATIONS	00_preflight	COLORS_ABBREVIATIONS.R	analysis	-	yes	built by 00_preflight (leaf); node-runner PASS
HUMAN_OME_COLORS	COLORS_ABBREVIATIONS	00_preflight	COLORS_ABBREVIATIONS.R	analysis	-	yes	built by 00_preflight (leaf); node-runner PASS
HUMAN_SEX_COLORS	COLORS_ABBREVIATIONS	00_preflight	COLORS_ABBREVIATIONS.R	analysis	-	yes	built by 00_preflight (leaf); node-runner PASS
HUMAN_TISSUE_ABBR	COLORS_ABBREVIATIONS	00_preflight	COLORS_ABBREVIATIONS.R	analysis	-	yes	built by 00_preflight (leaf); node-runner PASS
HUMAN_TISSUE_COLORS	COLORS_ABBREVIATIONS	00_preflight	COLORS_ABBREVIATIONS.R	analysis	-	yes	built by 00_preflight (leaf); node-runner PASS
gmt_files	gmt_files	00_preflight	gmt_processing/*	analysis	-	yes	build asset: 7 GMTs in 00_preflight/output; not a package .rda
OME_TISSUE_CODE	OME_TISSUE_CODE	00_preflight	ome_tissue_object.R	analysis	-	yes	built by 00_preflight (leaf); gsutil ls results bucket
OUTLIERS	OUTLIERS	00_preflight	OUTLIERS.R	analysis	-	yes	built by 00_preflight (leaf)
COVARIATES_FILE	COVARIATES_FILE	00_preflight	COVARIATES_FILE.R	analysis	-	yes	built by 00_preflight (leaf)
SPLICING_DA	SPLICING_DA	00_preflight	SPLICING_DA.R	analysis	-	yes	built by 00_preflight (leaf); local differential_splicing.rds
cln_chemistry_t02_plasma_lab_ck_results	cln_objects	01_stage_clinical	clinic.R	data	clinic_download.R	not_yet	staged verbatim from package; gated clinical download
cln_chemistry_t02_plasma_lab_conv_results	cln_objects	01_stage_clinical	clinic.R	data	clinic_download.R	not_yet	staged verbatim from package; gated clinical download
cln_chemistry_t02_plasma_lab_crt_results	cln_objects	01_stage_clinical	clinic.R	data	clinic_download.R	not_yet	staged verbatim from package; gated clinical download
cln_chemistry_t02_plasma_lab_glc_results	cln_objects	01_stage_clinical	clinic.R	data	clinic_download.R	not_yet	staged verbatim from package; gated clinical download
cln_chemistry_t02_plasma_lab_ins_results	cln_objects	01_stage_clinical	clinic.R	data	clinic_download.R	not_yet	staged verbatim from package; gated clinical download
cln_curated_accel_derived_variables_baseline	cln_objects	01_stage_clinical	clinic.R	data	clinic_download.R	not_yet	staged verbatim from package; gated clinical download
cln_curated_acute_bout	cln_objects	01_stage_clinical	clinic.R	data	clinic_download.R	not_yet	staged verbatim from package; gated clinical download
cln_curated_biospec	cln_objects	01_stage_clinical	clinic.R	data	clinic_download.R	not_yet	staged verbatim from package; gated clinical download
cln_curated_screening	cln_objects	01_stage_clinical	clinic.R	data	clinic_download.R	not_yet	staged verbatim from package; gated clinical download
cln_raw_1rm_assess_test	cln_objects	01_stage_clinical	clinic.R	data	clinic_download.R	not_yet	staged verbatim from package; gated clinical download
cln_raw_24_hr_food_record	cln_objects	01_stage_clinical	clinic.R	data	clinic_download.R	not_yet	staged verbatim from package; gated clinical download
cln_raw_activity_monitor_record	cln_objects	01_stage_clinical	clinic.R	data	clinic_download.R	not_yet	staged verbatim from package; gated clinical download
cln_raw_acute_endurance_ex_test	cln_objects	01_stage_clinical	clinic.R	data	clinic_download.R	not_yet	staged verbatim from package; gated clinical download
cln_raw_acute_resistance_ex_test	cln_objects	01_stage_clinical	clinic.R	data	clinic_download.R	not_yet	staged verbatim from package; gated clinical download
cln_raw_adi_collect_tp1_pre_ex	cln_objects	01_stage_clinical	clinic.R	data	clinic_download.R	not_yet	staged verbatim from package; gated clinical download
cln_raw_adi_collect_tp2_24_hr_post_ex	cln_objects	01_stage_clinical	clinic.R	data	clinic_download.R	not_yet	staged verbatim from package; gated clinical download
cln_raw_adi_collect_tp2_4_hr_post_ex	cln_objects	01_stage_clinical	clinic.R	data	clinic_download.R	not_yet	staged verbatim from package; gated clinical download
cln_raw_adi_collect_tp2_45_min_post_ex	cln_objects	01_stage_clinical	clinic.R	data	clinic_download.R	not_yet	staged verbatim from package; gated clinical download
cln_raw_adverse_event_log	cln_objects	01_stage_clinical	clinic.R	data	clinic_download.R	not_yet	staged verbatim from package; gated clinical download
cln_raw_analyticdatasets_biospecview	cln_objects	01_stage_clinical	clinic.R	data	clinic_download.R	not_yet	staged verbatim from package; gated clinical download
cln_raw_analyticdatasets_key	cln_objects	01_stage_clinical	clinic.R	data	clinic_download.R	not_yet	staged verbatim from package; gated clinical download
cln_raw_analyticdatasets_sas_participantstatusadult_pc	cln_objects	01_stage_clinical	clinic.R	data	clinic_download.R	not_yet	staged verbatim from package; gated clinical download
cln_raw_analyticdatasets_sas_weeklevel_ee_pc	cln_objects	01_stage_clinical	clinic.R	data	clinic_download.R	not_yet	staged verbatim from package; gated clinical download
cln_raw_analyticdatasets_sas_weeklevel_re	cln_objects	01_stage_clinical	clinic.R	data	clinic_download.R	not_yet	staged verbatim from package; gated clinical download
cln_raw_biospec_collect_participant_assess	cln_objects	01_stage_clinical	clinic.R	data	clinic_download.R	not_yet	staged verbatim from package; gated clinical download
cln_raw_biospec_collect_participant_assess_24_hr	cln_objects	01_stage_clinical	clinic.R	data	clinic_download.R	not_yet	staged verbatim from package; gated clinical download
cln_raw_bld_pressure_heart_rate	cln_objects	01_stage_clinical	clinic.R	data	clinic_download.R	not_yet	staged verbatim from package; gated clinical download
cln_raw_bld_spec_collect_tp1_pre_ex	cln_objects	01_stage_clinical	clinic.R	data	clinic_download.R	not_yet	staged verbatim from package; gated clinical download
cln_raw_bld_spec_collect_tp2_20_min_ex	cln_objects	01_stage_clinical	clinic.R	data	clinic_download.R	not_yet	staged verbatim from package; gated clinical download
cln_raw_bld_spec_collect_tp3_40_min_ex	cln_objects	01_stage_clinical	clinic.R	data	clinic_download.R	not_yet	staged verbatim from package; gated clinical download
cln_raw_bld_spec_collect_tp4_10_min_post_ex	cln_objects	01_stage_clinical	clinic.R	data	clinic_download.R	not_yet	staged verbatim from package; gated clinical download
cln_raw_bld_spec_collect_tp5_30_min_post_ex	cln_objects	01_stage_clinical	clinic.R	data	clinic_download.R	not_yet	staged verbatim from package; gated clinical download
cln_raw_bld_spec_collect_tp6_3_5_hr_post_ex	cln_objects	01_stage_clinical	clinic.R	data	clinic_download.R	not_yet	staged verbatim from package; gated clinical download
cln_raw_bld_spec_collect_tp7_24_hr_post_ex	cln_objects	01_stage_clinical	clinic.R	data	clinic_download.R	not_yet	staged verbatim from package; gated clinical download
cln_raw_cardiopulmonary_ex_test	cln_objects	01_stage_clinical	clinic.R	data	clinic_download.R	not_yet	staged verbatim from package; gated clinical download
cln_raw_ces_d	cln_objects	01_stage_clinical	clinic.R	data	clinic_download.R	not_yet	staged verbatim from package; gated clinical download
cln_raw_control_adherence_call	cln_objects	01_stage_clinical	clinic.R	data	clinic_download.R	not_yet	staged verbatim from package; gated clinical download
cln_raw_control_monitoring_visit	cln_objects	01_stage_clinical	clinic.R	data	clinic_download.R	not_yet	staged verbatim from package; gated clinical download
cln_raw_control_rest_record	cln_objects	01_stage_clinical	clinic.R	data	clinic_download.R	not_yet	staged verbatim from package; gated clinical download
cln_raw_demographics	cln_objects	01_stage_clinical	clinic.R	data	clinic_download.R	not_yet	staged verbatim from package; gated clinical download
cln_raw_dhq_iii	cln_objects	01_stage_clinical	clinic.R	data	clinic_download.R	not_yet	staged verbatim from package; gated clinical download
cln_raw_dhq_iii_r	cln_objects	01_stage_clinical	clinic.R	data	clinic_download.R	not_yet	staged verbatim from package; gated clinical download
cln_raw_dxa	cln_objects	01_stage_clinical	clinic.R	data	clinic_download.R	not_yet	staged verbatim from package; gated clinical download
cln_raw_dxa_analysis	cln_objects	01_stage_clinical	clinic.R	data	clinic_download.R	not_yet	staged verbatim from package; gated clinical download
cln_raw_dxa_scan_results_ge	cln_objects	01_stage_clinical	clinic.R	data	clinic_download.R	not_yet	staged verbatim from package; gated clinical download
cln_raw_dxa_scan_results_hologic	cln_objects	01_stage_clinical	clinic.R	data	clinic_download.R	not_yet	staged verbatim from package; gated clinical download
cln_raw_dxa_scan_worksheet	cln_objects	01_stage_clinical	clinic.R	data	clinic_download.R	not_yet	staged verbatim from package; gated clinical download
cln_raw_endurance_ex_tracking_log	cln_objects	01_stage_clinical	clinic.R	data	clinic_download.R	not_yet	staged verbatim from package; gated clinical download
cln_raw_endurance_familiarization_session1	cln_objects	01_stage_clinical	clinic.R	data	clinic_download.R	not_yet	staged verbatim from package; gated clinical download
cln_raw_endurance_familiarization_session2	cln_objects	01_stage_clinical	clinic.R	data	clinic_download.R	not_yet	staged verbatim from package; gated clinical download
cln_raw_event_ascertainment	cln_objects	01_stage_clinical	clinic.R	data	clinic_download.R	not_yet	staged verbatim from package; gated clinical download
cln_raw_grip_strength	cln_objects	01_stage_clinical	clinic.R	data	clinic_download.R	not_yet	staged verbatim from package; gated clinical download
cln_raw_height_weight_waist_circumference	cln_objects	01_stage_clinical	clinic.R	data	clinic_download.R	not_yet	staged verbatim from package; gated clinical download
cln_raw_intervention_monitoring_visit	cln_objects	01_stage_clinical	clinic.R	data	clinic_download.R	not_yet	staged verbatim from package; gated clinical download
cln_raw_isometric_knee_extension	cln_objects	01_stage_clinical	clinic.R	data	clinic_download.R	not_yet	staged verbatim from package; gated clinical download
cln_raw_local_lab_collect	cln_objects	01_stage_clinical	clinic.R	data	clinic_download.R	not_yet	staged verbatim from package; gated clinical download
cln_raw_local_lab_results	cln_objects	01_stage_clinical	clinic.R	data	clinic_download.R	not_yet	staged verbatim from package; gated clinical download
cln_raw_medical_history	cln_objects	01_stage_clinical	clinic.R	data	clinic_download.R	not_yet	staged verbatim from package; gated clinical download
cln_raw_medication_inventory	cln_objects	01_stage_clinical	clinic.R	data	clinic_download.R	not_yet	staged verbatim from package; gated clinical download
cln_raw_missed_ex_session	cln_objects	01_stage_clinical	clinic.R	data	clinic_download.R	not_yet	staged verbatim from package; gated clinical download
cln_raw_mus_spec_collect_tp1_pre_ex	cln_objects	01_stage_clinical	clinic.R	data	clinic_download.R	not_yet	staged verbatim from package; gated clinical download
cln_raw_mus_spec_collect_tp2_15_min_post_ex	cln_objects	01_stage_clinical	clinic.R	data	clinic_download.R	not_yet	staged verbatim from package; gated clinical download
cln_raw_mus_spec_collect_tp3_3_5_hr_post_ex	cln_objects	01_stage_clinical	clinic.R	data	clinic_download.R	not_yet	staged verbatim from package; gated clinical download
cln_raw_mus_spec_collect_tp4_24_hr_post_ex	cln_objects	01_stage_clinical	clinic.R	data	clinic_download.R	not_yet	staged verbatim from package; gated clinical download
cln_raw_participant_consent_status_log	cln_objects	01_stage_clinical	clinic.R	data	clinic_download.R	not_yet	staged verbatim from package; gated clinical download
cln_raw_participating_relatives	cln_objects	01_stage_clinical	clinic.R	data	clinic_download.R	not_yet	staged verbatim from package; gated clinical download
cln_raw_pre_activity_medical_clearance	cln_objects	01_stage_clinical	clinic.R	data	clinic_download.R	not_yet	staged verbatim from package; gated clinical download
cln_raw_pre_screening_assess	cln_objects	01_stage_clinical	clinic.R	data	clinic_download.R	not_yet	staged verbatim from package; gated clinical download
cln_raw_promis	cln_objects	01_stage_clinical	clinic.R	data	clinic_download.R	not_yet	staged verbatim from package; gated clinical download
cln_raw_randomization_enrollment_clearance	cln_objects	01_stage_clinical	clinic.R	data	clinic_download.R	not_yet	staged verbatim from package; gated clinical download
cln_raw_resistance_ex_tracking_log	cln_objects	01_stage_clinical	clinic.R	data	clinic_download.R	not_yet	staged verbatim from package; gated clinical download
cln_raw_resistance_familiarization_session_1	cln_objects	01_stage_clinical	clinic.R	data	clinic_download.R	not_yet	staged verbatim from package; gated clinical download
cln_raw_resistance_familiarization_session_2	cln_objects	01_stage_clinical	clinic.R	data	clinic_download.R	not_yet	staged verbatim from package; gated clinical download
cln_raw_resistance_familiarization_session_3	cln_objects	01_stage_clinical	clinic.R	data	clinic_download.R	not_yet	staged verbatim from package; gated clinical download
cln_raw_resting_ecg	cln_objects	01_stage_clinical	clinic.R	data	clinic_download.R	not_yet	staged verbatim from package; gated clinical download
cln_raw_siteequipmentlog	cln_objects	01_stage_clinical	clinic.R	data	clinic_download.R	not_yet	staged verbatim from package; gated clinical download
pheno	pheno	02_stage_pheno	pheno.R	data	cln_objects	not_yet	staged verbatim from package
MOLECULAR_SIGNATURES	MOLECULAR_SIGNATURES	03_build_molecular_signatures	MOLECULAR_SIGNATURES.R	analysis	gmt_files	yes	adapted stem reads preflight GMTs (00_preflight/output)
SET_TO_ID	SET_TO_ID	04_build_set_to_id	SET_TO_ID.R	analysis	MOLECULAR_SIGNATURES	yes	adapted stem loads local MOLECULAR_SIGNATURES.rda
METABOLOMICS_CVS	METABOLOMICS_CVS	05_stage_metabolomics_cvs	METABOLOMICS_CVS.R	analysis	HUMAN_FEATURE_TO_GENE;OME_TISSUE_CODE	not_yet	staged verbatim from the Analysis package's .rda, itself a download of the production-bucket metabolite-cv .txt; the CVs originate in precovid-analyses QC/human-precovid-sed-adu_all_metabolomics_qc-cvs.Rmd, which is not yet modernized for this pipeline - bucket .txt, package .rda and the vendored sources/ copy are all versions of that Rmd's output
HUMAN_FEATURE_TO_GENE	HUMAN_FEATURE_TO_GENE	07_build_human_feature_to_gene	HUMAN_FEATURE_TO_GENE.R	analysis	OME_TISSUE_CODE;QC_NORM	yes	built from local staging/freeze metadata_features (QC_NORM); completeness-checked vs OME_TISSUE_CODE; now retains flanking_sequence for step-12 prot-ph enrichment; deliberately does NOT carry the prot-ph/prot-pr per-tissue columns (confident_site, confident_score, ptm_score, redundant_ids, num_peptides, percent_coverage, protein_score) - they are measured per tissue and this object is keyed on (assay,feature_id) with no tissue column, so read *_PROT_PH_QC$feature_metadata / *_PROT_PR_QC$feature_metadata for them; now also carries the epigen custom_annotation (ChIPseeker region class) and relationship_to_gene (signed bp distance to gene, numeric), which the select() dropped despite both being documented columns - these are coordinate-derived, not per-tissue, so they need no collapse, and a duplicate-key guard fails the build if that ever stops holding
ADIPOSE_EPIGEN_METHYLCAP_SEQ_QC	QC_NORM	08_build_qc_objects	generate_normalized_expression/generate_qc_norm.R	bucket	METABOLOMICS_CVS	yes	packaged by 08_build_qc_objects/qc_norm_results.R from local staging/freeze (no imputed component); qc_norm is the vendored beta-value matrix copied in by generate_methylcap_qc_norm.R. bucket-only: 57-315 MB, over GitHub's 100 MB blob limit with no git-lfs; the package loaders read this tier from GCS
ADIPOSE_METAB_T_ACOA_QC	QC_NORM	08_build_qc_objects	generate_normalized_expression/generate_qc_norm.R	data	METABOLOMICS_CVS	yes	packaged by 08_build_qc_objects/qc_norm_results.R from local staging/freeze (no imputed component)
ADIPOSE_METAB_T_AMINES_QC	QC_NORM	08_build_qc_objects	generate_normalized_expression/generate_qc_norm.R	data	METABOLOMICS_CVS	yes	packaged by 08_build_qc_objects/qc_norm_results.R from local staging/freeze (no imputed component)
ADIPOSE_METAB_T_KA_QC	QC_NORM	08_build_qc_objects	generate_normalized_expression/generate_qc_norm.R	data	METABOLOMICS_CVS	yes	packaged by 08_build_qc_objects/qc_norm_results.R from local staging/freeze (no imputed component)
ADIPOSE_METAB_T_NUC_QC	QC_NORM	08_build_qc_objects	generate_normalized_expression/generate_qc_norm.R	data	METABOLOMICS_CVS	yes	packaged by 08_build_qc_objects/qc_norm_results.R from local staging/freeze (no imputed component)
ADIPOSE_METAB_T_OXYLIPNEG_QC	QC_NORM	08_build_qc_objects	generate_normalized_expression/generate_qc_norm.R	data	METABOLOMICS_CVS	yes	packaged by 08_build_qc_objects/qc_norm_results.R from local staging/freeze (no imputed component)
ADIPOSE_METAB_T_TCA_QC	QC_NORM	08_build_qc_objects	generate_normalized_expression/generate_qc_norm.R	data	METABOLOMICS_CVS	yes	packaged by 08_build_qc_objects/qc_norm_results.R from local staging/freeze (no imputed component)
ADIPOSE_METAB_U_HILICPOS_QC	QC_NORM	08_build_qc_objects	generate_normalized_expression/generate_qc_norm.R	data	METABOLOMICS_CVS	yes	packaged by 08_build_qc_objects/qc_norm_results.R from local staging/freeze (no imputed component)
ADIPOSE_METAB_U_IONPNEG_QC	QC_NORM	08_build_qc_objects	generate_normalized_expression/generate_qc_norm.R	data	METABOLOMICS_CVS	yes	packaged by 08_build_qc_objects/qc_norm_results.R from local staging/freeze (no imputed component)
ADIPOSE_METAB_U_LRPNEG_QC	QC_NORM	08_build_qc_objects	generate_normalized_expression/generate_qc_norm.R	data	METABOLOMICS_CVS	yes	packaged by 08_build_qc_objects/qc_norm_results.R from local staging/freeze (no imputed component)
ADIPOSE_METAB_U_LRPPOS_QC	QC_NORM	08_build_qc_objects	generate_normalized_expression/generate_qc_norm.R	data	METABOLOMICS_CVS	yes	packaged by 08_build_qc_objects/qc_norm_results.R from local staging/freeze (no imputed component)
ADIPOSE_METAB_U_RPNEG_QC	QC_NORM	08_build_qc_objects	generate_normalized_expression/generate_qc_norm.R	data	METABOLOMICS_CVS	yes	packaged by 08_build_qc_objects/qc_norm_results.R from local staging/freeze (no imputed component)
ADIPOSE_METAB_U_RPPOS_QC	QC_NORM	08_build_qc_objects	generate_normalized_expression/generate_qc_norm.R	data	METABOLOMICS_CVS	yes	packaged by 08_build_qc_objects/qc_norm_results.R from local staging/freeze (no imputed component)
ADIPOSE_PROT_PH_QC	QC_NORM	08_build_qc_objects	generate_normalized_expression/generate_qc_norm.R	data	METABOLOMICS_CVS	yes	packaged by 08_build_qc_objects/qc_norm_results.R from local staging/freeze (no imputed component); feature_metadata carries the prot-ph vendor annotation from v2.1 - flanking_sequence, confident_site, confident_score, ptm_score, redundant_ids - all per tissue, so this object is where they are read, not HUMAN_FEATURE_TO_GENE
ADIPOSE_PROT_PR_QC	QC_NORM	08_build_qc_objects	generate_normalized_expression/generate_qc_norm.R	data	METABOLOMICS_CVS	yes	packaged by 08_build_qc_objects/qc_norm_results.R from local staging/freeze (no imputed component); feature_metadata carries the prot-pr vendor annotation from v2.1 - num_peptides, percent_coverage, protein_score, redundant_ids - all per tissue, so this object is where they are read, not HUMAN_FEATURE_TO_GENE
ADIPOSE_TRNSCRPT_QC	QC_NORM	08_build_qc_objects	generate_normalized_expression/generate_qc_norm.R	data	METABOLOMICS_CVS	yes	packaged by 08_build_qc_objects/qc_norm_results.R from local staging/freeze (no imputed component)
BLOOD_EPIGEN_ATAC_SEQ_QC	QC_NORM	08_build_qc_objects	generate_normalized_expression/generate_qc_norm.R	bucket	METABOLOMICS_CVS	yes	packaged by 08_build_qc_objects/qc_norm_results.R from local staging/freeze (no imputed component). bucket-only: 57-315 MB, over GitHub's 100 MB blob limit with no git-lfs; the package loaders read this tier from GCS
BLOOD_EPIGEN_METHYLCAP_SEQ_QC	QC_NORM	08_build_qc_objects	generate_normalized_expression/generate_qc_norm.R	bucket	METABOLOMICS_CVS	yes	packaged by 08_build_qc_objects/qc_norm_results.R from local staging/freeze (no imputed component); qc_norm is the vendored beta-value matrix copied in by generate_methylcap_qc_norm.R. bucket-only: 57-315 MB, over GitHub's 100 MB blob limit with no git-lfs; the package loaders read this tier from GCS
BLOOD_METAB_T_AMINES_QC	QC_NORM	08_build_qc_objects	generate_normalized_expression/generate_qc_norm.R	data	METABOLOMICS_CVS	yes	packaged by 08_build_qc_objects/qc_norm_results.R from local staging/freeze (no imputed component)
BLOOD_METAB_T_CLINICAL_QC	QC_NORM	08_build_qc_objects	generate_normalized_expression/generate_qc_norm.R	data	METABOLOMICS_CVS	yes	packaged by 08_build_qc_objects/qc_norm_results.R from local staging/freeze (no imputed component)
BLOOD_METAB_T_CONV_QC	QC_NORM	08_build_qc_objects	generate_normalized_expression/generate_qc_norm.R	data	METABOLOMICS_CVS	yes	packaged by 08_build_qc_objects/qc_norm_results.R from local staging/freeze (no imputed component)
BLOOD_METAB_T_IMM_CRT_QC	QC_NORM	08_build_qc_objects	generate_normalized_expression/generate_qc_norm.R	data	METABOLOMICS_CVS	yes	packaged by 08_build_qc_objects/qc_norm_results.R from local staging/freeze (no imputed component)
BLOOD_METAB_T_OXYLIPNEG_QC	QC_NORM	08_build_qc_objects	generate_normalized_expression/generate_qc_norm.R	data	METABOLOMICS_CVS	yes	packaged by 08_build_qc_objects/qc_norm_results.R from local staging/freeze (no imputed component)
BLOOD_METAB_T_TCA_QC	QC_NORM	08_build_qc_objects	generate_normalized_expression/generate_qc_norm.R	data	METABOLOMICS_CVS	yes	packaged by 08_build_qc_objects/qc_norm_results.R from local staging/freeze (no imputed component)
BLOOD_METAB_U_HILICPOS_QC	QC_NORM	08_build_qc_objects	generate_normalized_expression/generate_qc_norm.R	data	METABOLOMICS_CVS	yes	packaged by 08_build_qc_objects/qc_norm_results.R from local staging/freeze (no imputed component)
BLOOD_METAB_U_IONPNEG_QC	QC_NORM	08_build_qc_objects	generate_normalized_expression/generate_qc_norm.R	data	METABOLOMICS_CVS	yes	packaged by 08_build_qc_objects/qc_norm_results.R from local staging/freeze (no imputed component)
BLOOD_METAB_U_LRPNEG_QC	QC_NORM	08_build_qc_objects	generate_normalized_expression/generate_qc_norm.R	data	METABOLOMICS_CVS	yes	packaged by 08_build_qc_objects/qc_norm_results.R from local staging/freeze (no imputed component)
BLOOD_METAB_U_LRPPOS_QC	QC_NORM	08_build_qc_objects	generate_normalized_expression/generate_qc_norm.R	data	METABOLOMICS_CVS	yes	packaged by 08_build_qc_objects/qc_norm_results.R from local staging/freeze (no imputed component)
BLOOD_METAB_U_RPNEG_QC	QC_NORM	08_build_qc_objects	generate_normalized_expression/generate_qc_norm.R	data	METABOLOMICS_CVS	yes	packaged by 08_build_qc_objects/qc_norm_results.R from local staging/freeze (no imputed component)
BLOOD_METAB_U_RPPOS_QC	QC_NORM	08_build_qc_objects	generate_normalized_expression/generate_qc_norm.R	data	METABOLOMICS_CVS	yes	packaged by 08_build_qc_objects/qc_norm_results.R from local staging/freeze (no imputed component)
BLOOD_PROT_CLINICAL_QC	QC_NORM	08_build_qc_objects	generate_normalized_expression/generate_qc_norm.R	data	METABOLOMICS_CVS	yes	packaged by 08_build_qc_objects/qc_norm_results.R from local staging/freeze (no imputed component)
BLOOD_PROT_OL_QC	QC_NORM	08_build_qc_objects	generate_normalized_expression/generate_qc_norm.R	data	METABOLOMICS_CVS	yes	packaged by 08_build_qc_objects/qc_norm_results.R from local staging/freeze (no imputed component)
MUSCLE_EPIGEN_ATAC_SEQ_QC	QC_NORM	08_build_qc_objects	generate_normalized_expression/generate_qc_norm.R	bucket	METABOLOMICS_CVS	yes	packaged by 08_build_qc_objects/qc_norm_results.R from local staging/freeze (no imputed component). bucket-only: 57-315 MB, over GitHub's 100 MB blob limit with no git-lfs; the package loaders read this tier from GCS
MUSCLE_EPIGEN_METHYLCAP_SEQ_QC	QC_NORM	08_build_qc_objects	generate_normalized_expression/generate_qc_norm.R	bucket	METABOLOMICS_CVS	yes	packaged by 08_build_qc_objects/qc_norm_results.R from local staging/freeze (no imputed component); qc_norm is the vendored beta-value matrix copied in by generate_methylcap_qc_norm.R. bucket-only: 57-315 MB, over GitHub's 100 MB blob limit with no git-lfs; the package loaders read this tier from GCS
MUSCLE_METAB_T_AMINES_QC	QC_NORM	08_build_qc_objects	generate_normalized_expression/generate_qc_norm.R	data	METABOLOMICS_CVS	yes	packaged by 08_build_qc_objects/qc_norm_results.R from local staging/freeze (no imputed component)
MUSCLE_METAB_T_NUC_QC	QC_NORM	08_build_qc_objects	generate_normalized_expression/generate_qc_norm.R	data	METABOLOMICS_CVS	yes	packaged by 08_build_qc_objects/qc_norm_results.R from local staging/freeze (no imputed component)
MUSCLE_METAB_T_OXYLIPNEG_QC	QC_NORM	08_build_qc_objects	generate_normalized_expression/generate_qc_norm.R	data	METABOLOMICS_CVS	yes	packaged by 08_build_qc_objects/qc_norm_results.R from local staging/freeze (no imputed component)
MUSCLE_METAB_T_TCA_QC	QC_NORM	08_build_qc_objects	generate_normalized_expression/generate_qc_norm.R	data	METABOLOMICS_CVS	yes	packaged by 08_build_qc_objects/qc_norm_results.R from local staging/freeze (no imputed component)
MUSCLE_METAB_U_HILICPOS_QC	QC_NORM	08_build_qc_objects	generate_normalized_expression/generate_qc_norm.R	data	METABOLOMICS_CVS	yes	packaged by 08_build_qc_objects/qc_norm_results.R from local staging/freeze (no imputed component)
MUSCLE_METAB_U_IONPNEG_QC	QC_NORM	08_build_qc_objects	generate_normalized_expression/generate_qc_norm.R	data	METABOLOMICS_CVS	yes	packaged by 08_build_qc_objects/qc_norm_results.R from local staging/freeze (no imputed component)
MUSCLE_METAB_U_LRPNEG_QC	QC_NORM	08_build_qc_objects	generate_normalized_expression/generate_qc_norm.R	data	METABOLOMICS_CVS	yes	packaged by 08_build_qc_objects/qc_norm_results.R from local staging/freeze (no imputed component)
MUSCLE_METAB_U_LRPPOS_QC	QC_NORM	08_build_qc_objects	generate_normalized_expression/generate_qc_norm.R	data	METABOLOMICS_CVS	yes	packaged by 08_build_qc_objects/qc_norm_results.R from local staging/freeze (no imputed component)
MUSCLE_METAB_U_RPNEG_QC	QC_NORM	08_build_qc_objects	generate_normalized_expression/generate_qc_norm.R	data	METABOLOMICS_CVS	yes	packaged by 08_build_qc_objects/qc_norm_results.R from local staging/freeze (no imputed component)
MUSCLE_METAB_U_RPPOS_QC	QC_NORM	08_build_qc_objects	generate_normalized_expression/generate_qc_norm.R	data	METABOLOMICS_CVS	yes	packaged by 08_build_qc_objects/qc_norm_results.R from local staging/freeze (no imputed component)
MUSCLE_PROT_PH_QC	QC_NORM	08_build_qc_objects	generate_normalized_expression/generate_qc_norm.R	data	METABOLOMICS_CVS	yes	packaged by 08_build_qc_objects/qc_norm_results.R from local staging/freeze (no imputed component); feature_metadata carries the prot-ph vendor annotation from v2.1 - flanking_sequence, confident_site, confident_score, ptm_score, redundant_ids - all per tissue, so this object is where they are read, not HUMAN_FEATURE_TO_GENE
MUSCLE_PROT_PR_QC	QC_NORM	08_build_qc_objects	generate_normalized_expression/generate_qc_norm.R	data	METABOLOMICS_CVS	yes	packaged by 08_build_qc_objects/qc_norm_results.R from local staging/freeze (no imputed component); feature_metadata carries the prot-pr vendor annotation from v2.1 - num_peptides, percent_coverage, protein_score, redundant_ids - all per tissue, so this object is where they are read, not HUMAN_FEATURE_TO_GENE
MUSCLE_TRNSCRPT_QC	QC_NORM	08_build_qc_objects	generate_normalized_expression/generate_qc_norm.R	data	METABOLOMICS_CVS	yes	packaged by 08_build_qc_objects/qc_norm_results.R from local staging/freeze (no imputed component)
blood_transcript_1	-	08_build_qc_objects	qc_norm_results.R	data	QC_NORM	yes	size-split half of BLOOD_TRNSCRPT_QC (midpoint); built in 08_build_qc_objects
blood_transcript_2	-	08_build_qc_objects	qc_norm_results.R	data	QC_NORM	yes	size-split half of BLOOD_TRNSCRPT_QC (midpoint); built in 08_build_qc_objects
DA	DA	09_build_da	generate_differential_analysis/generate_DA_inputs.R	analysis	QC_NORM	not_yet	build intermediate (freeze DA inputs); not a package .rda
ADIPOSE_METAB_DA	DA_ASSEMBLE	10_build_da_assemble	differential_analysis_results.R	analysis	DA	yes	built by 10_build_da_assemble; 12 metab platforms stacked, platform in its own column
ADIPOSE_PROT_PH_DA	DA_ASSEMBLE	10_build_da_assemble	differential_analysis_results.R	analysis	DA	yes	built by 10_build_da_assemble from the step-09 DA freeze
ADIPOSE_PROT_PR_DA	DA_ASSEMBLE	10_build_da_assemble	differential_analysis_results.R	analysis	DA	yes	built by 10_build_da_assemble from the step-09 DA freeze
ADIPOSE_TRNSCRPT_DA	DA_ASSEMBLE	10_build_da_assemble	differential_analysis_results.R	analysis	DA	yes	built by 10_build_da_assemble from the step-09 DA freeze
BLOOD_METAB_DA	DA_ASSEMBLE	10_build_da_assemble	differential_analysis_results.R	analysis	DA	yes	built by 10_build_da_assemble; 10 metab platforms stacked (metab-t-clinical + metab-t-imm-crt excluded)
BLOOD_METAB_T_CLINICAL_DA	DA_ASSEMBLE	10_build_da_assemble	differential_analysis_results.R	analysis	DA	yes	built by 10_build_da_assemble; kept split from BLOOD_PROT_CLINICAL_DA (package fuses both into CLIN_CHEMISTRY_DA)
BLOOD_PROT_CLINICAL_DA	DA_ASSEMBLE	10_build_da_assemble	differential_analysis_results.R	analysis	DA	yes	built by 10_build_da_assemble; kept split from BLOOD_METAB_T_CLINICAL_DA (package fuses both into CLIN_CHEMISTRY_DA)
BLOOD_PROT_OL_DA	DA_ASSEMBLE	10_build_da_assemble	differential_analysis_results.R	analysis	DA	yes	built by 10_build_da_assemble from the step-09 DA freeze
BLOOD_TRNSCRPT_DA	DA_ASSEMBLE	10_build_da_assemble	differential_analysis_results.R	analysis	DA	yes	built by 10_build_da_assemble from the step-09 DA freeze
CONTRAST_CONVERTER	DA_ASSEMBLE	10_build_da_assemble	differential_analysis_results.R	analysis	DA	yes	built by 10_build_da_assemble from sources/contrast_converter.txt; all.equal to package object
MUSCLE_METAB_DA	DA_ASSEMBLE	10_build_da_assemble	differential_analysis_results.R	analysis	DA	yes	built by 10_build_da_assemble; 10 metab platforms stacked, platform in its own column
MUSCLE_PROT_PH_DA	DA_ASSEMBLE	10_build_da_assemble	differential_analysis_results.R	analysis	DA	yes	built by 10_build_da_assemble from the step-09 DA freeze
MUSCLE_PROT_PR_DA	DA_ASSEMBLE	10_build_da_assemble	differential_analysis_results.R	analysis	DA	yes	built by 10_build_da_assemble from the step-09 DA freeze
MUSCLE_TRNSCRPT_DA	DA_ASSEMBLE	10_build_da_assemble	differential_analysis_results.R	analysis	DA	yes	built by 10_build_da_assemble from the step-09 DA freeze
ADIPOSE_EPIGEN_METHYLCAP_SEQ_DA	DA_ASSEMBLE	10_build_da_assemble	differential_analysis_results.R	bucket	DA	yes	built by 10_build_da_assemble from the step-09 DA freeze; t11-adipose malax-glmm (external MALAX GLMM, methylation_diff not logFC). Moving it to AWS, where load_differential_analysis(epigen = TRUE) fetches from, is separate. bucket-only: 57-315 MB, over GitHub's 100 MB blob limit with no git-lfs; the package loaders read this tier from GCS
BLOOD_EPIGEN_ATAC_SEQ_DA	DA_ASSEMBLE	10_build_da_assemble	differential_analysis_results.R	bucket	DA	yes	built by 10_build_da_assemble from the step-09 DA freeze; t05-pbmc dream-acute. Moving it to AWS, where load_differential_analysis(epigen = TRUE) fetches from, is separate. bucket-only: 57-315 MB, over GitHub's 100 MB blob limit with no git-lfs; the package loaders read this tier from GCS
BLOOD_EPIGEN_METHYLCAP_SEQ_DA	DA_ASSEMBLE	10_build_da_assemble	differential_analysis_results.R	bucket	DA	yes	built by 10_build_da_assemble from the step-09 DA freeze; t03-edta malax-glmm (external MALAX GLMM, methylation_diff not logFC). Moving it to AWS, where load_differential_analysis(epigen = TRUE) fetches from, is separate. bucket-only: 57-315 MB, over GitHub's 100 MB blob limit with no git-lfs; the package loaders read this tier from GCS
MUSCLE_EPIGEN_ATAC_SEQ_DA	DA_ASSEMBLE	10_build_da_assemble	differential_analysis_results.R	bucket	DA	yes	built by 10_build_da_assemble from the step-09 DA freeze; t06-muscle dream-acute. Moving it to AWS, where load_differential_analysis(epigen = TRUE) fetches from, is separate. bucket-only: 57-315 MB, over GitHub's 100 MB blob limit with no git-lfs; the package loaders read this tier from GCS
MUSCLE_EPIGEN_METHYLCAP_SEQ_DA	DA_ASSEMBLE	10_build_da_assemble	differential_analysis_results.R	bucket	DA	yes	built by 10_build_da_assemble from the step-09 DA freeze; t06-muscle malax-glmm (external MALAX GLMM, methylation_diff not logFC). Moving it to AWS, where load_differential_analysis(epigen = TRUE) fetches from, is separate. bucket-only: 57-315 MB, over GitHub's 100 MB blob limit with no git-lfs; the package loaders read this tier from GCS
ADIPOSE_EPIGEN_METHYLCAP_SEQ_SUM_STATS	SUM_STATS	11_build_sum_stats	all_group_stats.R	analysis	DA_ASSEMBLE;QC_NORM	yes	built by 11_build_sum_stats; epigen DA read from the step-09 freeze, restricted to adj_p_value < 0.05
ADIPOSE_METAB_SUM_STATS	SUM_STATS	11_build_sum_stats	all_group_stats.R	analysis	DA_ASSEMBLE;QC_NORM	yes	built by 11_build_sum_stats from the step-08 *_QC objects, filtered to the step-10 DA features; research platforms stacked with the platform in its own column
ADIPOSE_PROT_PH_SUM_STATS	SUM_STATS	11_build_sum_stats	all_group_stats.R	analysis	DA_ASSEMBLE;QC_NORM	yes	built by 11_build_sum_stats from the step-08 *_QC objects, filtered to the step-10 DA features
ADIPOSE_PROT_PR_SUM_STATS	SUM_STATS	11_build_sum_stats	all_group_stats.R	analysis	DA_ASSEMBLE;QC_NORM	yes	built by 11_build_sum_stats from the step-08 *_QC objects, filtered to the step-10 DA features
ADIPOSE_TRANSCRIPT_RNA_SEQ_SUM_STATS	SUM_STATS	11_build_sum_stats	all_group_stats.R	analysis	DA_ASSEMBLE;QC_NORM	yes	built by 11_build_sum_stats from the step-08 *_QC objects, filtered to the step-10 DA features
BLOOD_EPIGEN_ATAC_SEQ_SUM_STATS	SUM_STATS	11_build_sum_stats	all_group_stats.R	analysis	DA_ASSEMBLE;QC_NORM	not_yet	no object this cycle: epigen summary stats keep only features with adj_p_value < 0.05, and no blood ATAC feature reaches it (0 of 5,279,211; smallest adj_p 0.0501), so v2.0 ships without it. Muscle ATAC, with 6,584 significant features, is built as usual
BLOOD_EPIGEN_METHYLCAP_SEQ_SUM_STATS	SUM_STATS	11_build_sum_stats	all_group_stats.R	analysis	DA_ASSEMBLE;QC_NORM	yes	built by 11_build_sum_stats; epigen DA read from the step-09 freeze, restricted to adj_p_value < 0.05
BLOOD_METAB_SUM_STATS	SUM_STATS	11_build_sum_stats	all_group_stats.R	analysis	DA_ASSEMBLE;QC_NORM	yes	built by 11_build_sum_stats from the step-08 *_QC objects, filtered to the step-10 DA features; research platforms stacked with the platform in its own column
BLOOD_METAB_T_CLINICAL_SUM_STATS	SUM_STATS	11_build_sum_stats	all_group_stats.R	analysis	DA_ASSEMBLE;QC_NORM	yes	built by 11_build_sum_stats from the step-08 *_QC objects, filtered to the step-10 DA features
BLOOD_PROT_CLINICAL_SUM_STATS	SUM_STATS	11_build_sum_stats	all_group_stats.R	analysis	DA_ASSEMBLE;QC_NORM	yes	built by 11_build_sum_stats from the step-08 *_QC objects, filtered to the step-10 DA features
BLOOD_PROT_OL_SUM_STATS	SUM_STATS	11_build_sum_stats	all_group_stats.R	analysis	DA_ASSEMBLE;QC_NORM	yes	built by 11_build_sum_stats from the step-08 *_QC objects, filtered to the step-10 DA features
BLOOD_TRANSCRIPT_RNA_SEQ_SUM_STATS	SUM_STATS	11_build_sum_stats	all_group_stats.R	analysis	DA_ASSEMBLE;QC_NORM	yes	built by 11_build_sum_stats from the step-08 *_QC objects, filtered to the step-10 DA features
MUSCLE_EPIGEN_ATAC_SEQ_SUM_STATS	SUM_STATS	11_build_sum_stats	all_group_stats.R	analysis	DA_ASSEMBLE;QC_NORM	yes	built by 11_build_sum_stats; epigen DA read from the step-09 freeze, restricted to adj_p_value < 0.05
MUSCLE_EPIGEN_METHYLCAP_SEQ_SUM_STATS	SUM_STATS	11_build_sum_stats	all_group_stats.R	analysis	DA_ASSEMBLE;QC_NORM	yes	built by 11_build_sum_stats; epigen DA read from the step-09 freeze, restricted to adj_p_value < 0.05
MUSCLE_METAB_SUM_STATS	SUM_STATS	11_build_sum_stats	all_group_stats.R	analysis	DA_ASSEMBLE;QC_NORM	yes	built by 11_build_sum_stats from the step-08 *_QC objects, filtered to the step-10 DA features; research platforms stacked with the platform in its own column
MUSCLE_PROT_PH_SUM_STATS	SUM_STATS	11_build_sum_stats	all_group_stats.R	analysis	DA_ASSEMBLE;QC_NORM	yes	built by 11_build_sum_stats from the step-08 *_QC objects, filtered to the step-10 DA features
MUSCLE_PROT_PR_SUM_STATS	SUM_STATS	11_build_sum_stats	all_group_stats.R	analysis	DA_ASSEMBLE;QC_NORM	yes	built by 11_build_sum_stats from the step-08 *_QC objects, filtered to the step-10 DA features
MUSCLE_TRANSCRIPT_RNA_SEQ_SUM_STATS	SUM_STATS	11_build_sum_stats	all_group_stats.R	analysis	DA_ASSEMBLE;QC_NORM	yes	built by 11_build_sum_stats from the step-08 *_QC objects, filtered to the step-10 DA features
CAMERA_RESULTS	CAMERA_RESULTS	12_build_camera_results	CAMERA_RESULTS.R	analysis	DA_ASSEMBLE;MOLECULAR_SIGNATURES	yes	built by 12_build_camera_results; cameraPR over 11 tissue x ome and 12 databases (PTMSIGDB excluded, as upstream)
FCM_CAMERA	FCM	13_build_fcm	FCM_clustering_results.R	analysis	DA_ASSEMBLE;MOLECULAR_SIGNATURES;SET_TO_ID;HUMAN_FEATURE_TO_GENE;CONTRAST_CONVERTER	yes	built by 13_build_fcm; cameraPR over cluster membership, 8 tissue x ome and 12 databases
FCM_CLUSTERS	FCM	13_build_fcm	FCM_clustering_results.R	analysis	DA_ASSEMBLE;MOLECULAR_SIGNATURES;SET_TO_ID;HUMAN_FEATURE_TO_GENE;CONTRAST_CONVERTER	yes	built by 13_build_fcm; run_cmeans over 3 tissues (k = 13/12/12, set via FCM_K_*)
FCM_ORA	FCM	13_build_fcm	FCM_clustering_results.R	analysis	DA_ASSEMBLE;MOLECULAR_SIGNATURES;SET_TO_ID;HUMAN_FEATURE_TO_GENE;CONTRAST_CONVERTER	yes	built by 13_build_fcm; ORA over hard-assigned clusters; compared against FCM_CAMERA
UTORONTO_TFs	UTORONTO_TFs	14_build_utoronto_tfs	UTORONTO_TFs.R	analysis	HUMAN_FEATURE_TO_GENE	yes	built by 14_build_utoronto_tfs from vendored sources/DatabaseExtract_v_1.01.txt (Human TFs v1.01, Lambert et al. 2018); Is.TF.=="Yes" mapped through HUMAN_FEATURE_TO_GENE to prot-ph features - 1381 sites x 383 TF genes, columns feature_id+gene_symbol. Upstream joins on `platform`, which HUMAN_FEATURE_TO_GENE does not have (it has `assay`), so the upstream generator cannot rebuild its own object and the SHIPPED .rda is the raw 2765x28 download instead. That shape has no feature_id, and subset_qc() skips a NULL desired_features, so subset_TFs=TRUE in .load_scion_matrixes() is a SILENT NO-OP against the released object - SCION gets every phosphosite, not the TF pool. This build is what makes subset_TFs work.
PTMSEA_INPUT	PTMSEA_INPUT	15_build_ptmsea_input	preprocess_PTMSEA.R	analysis	DA_ASSEMBLE;QC_NORM	yes	built by 15_build_ptmsea_input; prot-ph DA z-scores as a PTM-SEA input .gct (muscle 16469x6, adipose 7287x2). shipped by the Analysis package from v2.0 (upstream shipped preprocess_PTMSEA() as a function, not an object); it holds no sample-level data - cdesc is empty and every column is a contrast, so it routes analysis-side like any other computed result. The PTM-SEA run itself is out of scope: the .gct is handed to the Broad Institute PTM-SEA/ssGSEA2.0 Docker image, which this repo does not pull, run, or make any reproducibility claim over.
