ome,tech_or_design,data_type,covariate,tissue
transcript-rna-seq,Technical,factor,Batch,all
prot-ol,Design,numerical,BMI,all
prot-ph,Design,numerical,BMI,all
prot-pr,Design,numerical,BMI,all
transcript-rna-seq,Design,numerical,BMI,all
epigen-atac-seq,Design,numerical,BMI,all
metab-u-hilicpos,Design,numerical,BMI,all
metab-u-ionpneg,Design,numerical,BMI,all
metab-u-lrpneg,Design,numerical,BMI,all
metab-u-lrppos,Design,numerical,BMI,all
metab-u-rpneg,Design,numerical,BMI,all
metab-u-rppos,Design,numerical,BMI,all
metab-t-amines,Design,numerical,BMI,all
metab-t-conv,Design,numerical,BMI,all
metab-t-imm-crt,Design,numerical,BMI,all
metab-t-imm-glc,Design,numerical,BMI,all
metab-t-imm-ins,Design,numerical,BMI,all
metab-t-oxylipneg,Design,numerical,BMI,all
metab-t-tca,Design,numerical,BMI,all
metab-t-nuc,Design,numerical,BMI,all
metab-t-acoa,Design,numerical,BMI,all
metab-t-ka,Design,numerical,BMI,all
metab-t-clinical,Design,numerical,BMI,all
prot-clinical,Design,numerical,BMI,all
prot-ol,Design,numerical,calculatedAge,all
prot-ph,Design,numerical,calculatedAge,all
prot-pr,Design,numerical,calculatedAge,all
transcript-rna-seq,Design,numerical,calculatedAge,all
epigen-methylcap-seq,Design,numerical,calculatedAge,all
epigen-atac-seq,Design,numerical,calculatedAge,all
metab-u-hilicpos,Design,numerical,calculatedAge,all
metab-u-ionpneg,Design,numerical,calculatedAge,all
metab-u-lrpneg,Design,numerical,calculatedAge,all
metab-u-lrppos,Design,numerical,calculatedAge,all
metab-u-rpneg,Design,numerical,calculatedAge,all
metab-u-rppos,Design,numerical,calculatedAge,all
metab-t-amines,Design,numerical,calculatedAge,all
metab-t-conv,Design,numerical,calculatedAge,all
metab-t-imm-crt,Design,numerical,calculatedAge,all
metab-t-imm-glc,Design,numerical,calculatedAge,all
metab-t-imm-ins,Design,numerical,calculatedAge,all
metab-t-oxylipneg,Design,numerical,calculatedAge,all
metab-t-tca,Design,numerical,calculatedAge,all
metab-t-nuc,Design,numerical,calculatedAge,all
metab-t-acoa,Design,numerical,calculatedAge,all
metab-t-ka,Design,numerical,calculatedAge,all
metab-t-clinical,Design,numerical,calculatedAge,all
prot-clinical,Design,numerical,calculatedAge,all
prot-ol,Technical,factor,codedsiteid,all
prot-ph,Technical,factor,codedsiteid,all
prot-pr,Technical,factor,codedsiteid,all
transcript-rna-seq,Technical,factor,codedsiteid,all
epigen-atac-seq,Technical,factor,codedsiteid,all
metab-u-hilicpos,Technical,factor,codedsiteid,all
metab-u-ionpneg,Technical,factor,codedsiteid,all
metab-u-lrpneg,Technical,factor,codedsiteid,all
metab-u-lrppos,Technical,factor,codedsiteid,all
metab-u-rpneg,Technical,factor,codedsiteid,all
metab-u-rppos,Technical,factor,codedsiteid,all
metab-t-amines,Technical,factor,codedsiteid,all
metab-t-conv,Technical,factor,codedsiteid,all
metab-t-imm-crt,Technical,factor,codedsiteid,all
metab-t-imm-glc,Technical,factor,codedsiteid,all
metab-t-imm-ins,Technical,factor,codedsiteid,all
metab-t-oxylipneg,Technical,factor,codedsiteid,all
metab-t-tca,Technical,factor,codedsiteid,all
metab-t-nuc,Technical,factor,codedsiteid,all
metab-t-acoa,Technical,factor,codedsiteid,all
metab-t-ka,Technical,factor,codedsiteid,all
metab-t-clinical,Technical,factor,codedsiteid,all
prot-clinical,Technical,factor,codedsiteid,all
transcript-rna-seq,Technical,numerical,pct_umi_dup,all
epigen-atac-seq,Technical,numerical,peak_enrich.frac_reads_in_peaks.macs2.frip,all
prot-ol,Design,factor,pid,all
prot-ph,Design,factor,pid,all
prot-pr,Design,factor,pid,all
transcript-rna-seq,Design,factor,pid,all
epigen-methylcap-seq,Design,factor,pid,all
epigen-atac-seq,Design,factor,pid,all
metab-u-hilicpos,Design,factor,pid,all
metab-u-ionpneg,Design,factor,pid,all
metab-u-lrpneg,Design,factor,pid,all
metab-u-lrppos,Design,factor,pid,all
metab-u-rpneg,Design,factor,pid,all
metab-u-rppos,Design,factor,pid,all
metab-t-amines,Design,factor,pid,all
metab-t-conv,Design,factor,pid,all
metab-t-imm-crt,Design,factor,pid,all
metab-t-imm-glc,Design,factor,pid,all
metab-t-imm-ins,Design,factor,pid,all
metab-t-oxylipneg,Design,factor,pid,all
metab-t-tca,Design,factor,pid,all
metab-t-nuc,Design,factor,pid,all
metab-t-acoa,Design,factor,pid,all
metab-t-ka,Design,factor,pid,all
metab-t-clinical,Design,factor,pid,all
prot-clinical,Design,factor,pid,all
prot-ol,Technical,factor,plate_id,all
prot-ol,Design,factor,randomGroupCode,all
prot-ph,Design,factor,randomGroupCode,all
prot-pr,Design,factor,randomGroupCode,all
transcript-rna-seq,Design,factor,randomGroupCode,all
epigen-methylcap-seq,Design,factor,randomGroupCode,all
epigen-atac-seq,Design,factor,randomGroupCode,all
metab-u-hilicpos,Design,factor,randomGroupCode,all
metab-u-ionpneg,Design,factor,randomGroupCode,all
metab-u-lrpneg,Design,factor,randomGroupCode,all
metab-u-lrppos,Design,factor,randomGroupCode,all
metab-u-rpneg,Design,factor,randomGroupCode,all
metab-u-rppos,Design,factor,randomGroupCode,all
metab-t-amines,Design,factor,randomGroupCode,all
metab-t-conv,Design,factor,randomGroupCode,all
metab-t-imm-crt,Design,factor,randomGroupCode,all
metab-t-imm-glc,Design,factor,randomGroupCode,all
metab-t-imm-ins,Design,factor,randomGroupCode,all
metab-t-oxylipneg,Design,factor,randomGroupCode,all
metab-t-tca,Design,factor,randomGroupCode,all
metab-t-nuc,Design,factor,randomGroupCode,all
metab-t-acoa,Design,factor,randomGroupCode,all
metab-t-ka,Design,factor,randomGroupCode,all
metab-t-clinical,Design,factor,randomGroupCode,all
prot-clinical,Design,factor,randomGroupCode,all
metab-u-hilicpos,Technical,numerical,raw_intensity_post,all
metab-u-ionpneg,Technical,numerical,raw_intensity_post,all
metab-u-lrpneg,Technical,numerical,raw_intensity_post,all
metab-u-lrppos,Technical,numerical,raw_intensity_post,all
metab-u-rpneg,Technical,numerical,raw_intensity_post,all
metab-u-rppos,Technical,numerical,raw_intensity_post,all
transcript-rna-seq,Technical,numerical,RIN,all
prot-ol,Design,factor,Sex,all
prot-ph,Design,factor,Sex,all
prot-pr,Design,factor,Sex,all
transcript-rna-seq,Design,factor,Sex,all
epigen-methylcap-seq,Design,factor,Sex,all
epigen-atac-seq,Design,factor,Sex,all
metab-u-hilicpos,Design,factor,Sex,all
metab-u-ionpneg,Design,factor,Sex,all
metab-u-lrpneg,Design,factor,Sex,all
metab-u-lrppos,Design,factor,Sex,all
metab-u-rpneg,Design,factor,Sex,all
metab-u-rppos,Design,factor,Sex,all
metab-t-amines,Design,factor,Sex,all
metab-t-conv,Design,factor,Sex,all
metab-t-imm-crt,Design,factor,Sex,all
metab-t-imm-glc,Design,factor,Sex,all
metab-t-imm-ins,Design,factor,Sex,all
metab-t-oxylipneg,Design,factor,Sex,all
metab-t-tca,Design,factor,Sex,all
metab-t-nuc,Design,factor,Sex,all
metab-t-acoa,Design,factor,Sex,all
metab-t-ka,Design,factor,Sex,all
metab-t-clinical,Design,factor,Sex,all
prot-clinical,Design,factor,Sex,all
prot-ol,Design,factor,Timepoint,all
prot-ph,Design,factor,Timepoint,all
prot-pr,Design,factor,Timepoint,all
transcript-rna-seq,Design,factor,Timepoint,all
epigen-methylcap-seq,Design,factor,Timepoint,all
epigen-atac-seq,Design,factor,Timepoint,all
metab-u-hilicpos,Design,factor,Timepoint,all
metab-u-ionpneg,Design,factor,Timepoint,all
metab-u-lrpneg,Design,factor,Timepoint,all
metab-u-lrppos,Design,factor,Timepoint,all
metab-u-rpneg,Design,factor,Timepoint,all
metab-u-rppos,Design,factor,Timepoint,all
metab-t-amines,Design,factor,Timepoint,all
metab-t-conv,Design,factor,Timepoint,all
metab-t-imm-crt,Design,factor,Timepoint,all
metab-t-imm-glc,Design,factor,Timepoint,all
metab-t-imm-ins,Design,factor,Timepoint,all
metab-t-oxylipneg,Design,factor,Timepoint,all
metab-t-tca,Design,factor,Timepoint,all
metab-t-nuc,Design,factor,Timepoint,all
metab-t-acoa,Design,factor,Timepoint,all
metab-t-ka,Design,factor,Timepoint,all
metab-t-clinical,Design,factor,Timepoint,all
prot-clinical,Design,factor,Timepoint,all
prot-ph,Technical,factor,tmt_plex,all
prot-pr,Technical,factor,tmt_plex,all
prot-ol,Design,factor,visitcode,all
prot-ph,Design,factor,visitcode,all
prot-pr,Design,factor,visitcode,all
transcript-rna-seq,Design,factor,visitcode,all
epigen-methylcap-seq,Design,factor,visitcode,all
epigen-atac-seq,Design,factor,visitcode,all
metab-u-hilicpos,Design,factor,visitcode,all
metab-u-ionpneg,Design,factor,visitcode,all
metab-u-lrpneg,Design,factor,visitcode,all
metab-u-lrppos,Design,factor,visitcode,all
metab-u-rpneg,Design,factor,visitcode,all
metab-u-rppos,Design,factor,visitcode,all
metab-t-amines,Design,factor,visitcode,all
metab-t-conv,Design,factor,visitcode,all
metab-t-imm-crt,Design,factor,visitcode,all
metab-t-imm-glc,Design,factor,visitcode,all
metab-t-imm-ins,Design,factor,visitcode,all
metab-t-oxylipneg,Design,factor,visitcode,all
metab-t-tca,Design,factor,visitcode,all
metab-t-nuc,Design,factor,visitcode,all
metab-t-acoa,Design,factor,visitcode,all
metab-t-ka,Design,factor,visitcode,all
metab-t-clinical,Design,factor,visitcode,all
prot-clinical,Design,factor,visitcode,all